Product/Service Name,Quantity On Hand
12D,1872
12S,2365
42S,1657
F1002A,29
F1004A,44
F1005A,48
F1007A,38
F1008A,45
F1009A,16
F100S,134
F1011,181
F1012,79
F1013,97
F1026,45
F102S,196
F1035,39
F1048A,64
F104S,755
F1052A,15
F1053,28
F1055,28
F1060A,0
F1062,3
F1072,84
F1074A,120
F1075A,112
F1076,55
F1078,84
F1079,-1
F1084,40
F1087A,25
F1089A,75
F1100A,161
F1101A,31
F1102A,16
F1103A,33
F1104A,85
F1108A,32
F1109A,33
F1112A,43
F1113A,34
F1114A,48
F1115A,0
F1117A,94
F1118A,30
F1119A,23
F111S,131
F1121A,49
F1122,69
F1124A,23
F1127A,21
F1133A,41
F1146A,41
F1150A,0
F1152A,39
F1155A,63
F1158A,25
F1160A,28
F1162A,31
F1164A,35
F1174A,23
F1175A,31
F1192A,27
F1193,35
F1194A,22
F1195A,22
F1196A,64
F1197A,22
F1199,31
F1201A,59
F1202A,139
F1204A,74
F1205A,61
F1206A,18
F1207A,24
F1208A,30
F1209A,34
F120S,81
F1211A,32
F1212A,33
F1213A,29
F1214A,35
F1215A,20
F1216A,29
F1217A,51
F1218A,44
F1219A,53
F121S,67
F1221A,27
F1223A,13
F1224A,87
F1225A,34
F1228A,22
F1229A,25
F1230A,21
F1231A,17
F1232A,-3
F1233A,42
F1234A,11
F1235A,8
F123S,27
F1240A,28
F1241A,53
F1242A,44
F1243A,24
F1244A,14
F1245A,40
F1246A,9
F1247,0
F1248A,0
F1249A,4
F1250A,30
F1254A,220
F1255A,16
F1256A,11
F1257A,40
F1259A,30
F1260A,21
F1263A,32
F1264A,35
F1265,135
F1266A,31
F1268A,44
F1269,42
F1270A,30
F1271A,45
F1272A,25
F1273A,29
F1274A,29
F1276A,45
F1277A,46
F1278A,22
F1279A,94
F1281A,68
F1283A,8
F1284A,15
F1287A,16
F1288A,4
F1289A,32
F1291A,74
F1292A,9
F1293A,57
F1294A,27
F1296A,21
F1298A,37
F1299A,33
F1301,33
F1308A,0
F1312A,144
F1313A,29
F1314,27
F131S,224
F1323,62
F1324A,32
F1325,128
F1327A,24
F1329,66
F1330A,68
F1333A,52
F1335,92
F1336A,27
F1337A,29
F1340,57
F1341A,21
F1343A,9
F1344,12
F1345A,19
F1347A,-1
F1348,117
F1349A,22
F1350A,27
F1351,40
F1352A,22
F1354A,17
F1355A,15
F1358A,22
F1359A,32
F1360A,23
F1361A,44
F1362A,21
F1363A,74
F1364A,29
F1365A,44
F1366A,18
F1367A,43
F1368A,135
F1369A,77
F1370,40
F1371A,118
F1372A,34
F1373A,18
F1374A,211
F1375A,11
F1376A,15
F1377,81
F1379A,25
F1392A,26
F1393A,47
F1394A,25
F1397,70
F1399A,65
F139S,65
F1400A,15
F1401,23
F1404A,14
F1405A,15
F1406A,0
F1407A,25
F1408,48
F141S,23
F1440A,42
F1445A,21
F1446A,58
F1447A,40
F1448A,-1
F1449A,63
F1450A,27
F1451A,4
F1452A,25
F1453A,25
F1454A,55
F1455A,44
F1457,44
F1458,52
F1459,79
F1460A,37
F1461A,36
F1463A,13
F1464A,38
F1465A,23
F1466A,27
F1467A,16
F1468A,76
F1469A,62
F1470A,111
F1472A,49
F1476A,38
F1478A,20
F1480A,17
F1481A,23
F1482,157
F1484A,33
F1485A,29
F1486A,15
F1487A,45
F1495,1474
F1496,241
F1497,310
F1498,122
F1502A,25
F1503A,29
F1504A,20
F1507A,8
F1509A,56
F1510A,10
F1512A,29
F1514A,28
F1516A,69
F1517A,21
F1518A,26
F1519A,28
F1520,24
F1521A,20
F1522A,0
F1523A,22
F1526,33
F1527A,29
F1529,71
F1530A,43
F1532,29
F1533,64
F1534A,9
F1535A,27
F1536A,8
F1538A,7
F1539A,13
F1541A,34
F1542A,12
F1544A,-1
F1545,23
F1546,30
F1551A,-1
F1552A,-1
F1553A,15
F1556A,0
F1560A,38
F1564A,29
F1565A,21
F1566A,41
F1567A,55
F1568A,35
F1569A,42
F1571A,15
F1572A,1
F1573A,29
F1578A,57
F1579A,43
F1580A,44
F1583A,11
F1587,80
F1588A,44
F1589A,13
F1590A,57
F1591A,-1
F1592A,0
F1593A,3
F1594A,10
F1595A,25
F1596A,22
F1597A,10
F1598A,23
F1599A,38
F1610A,19
F1611A,26
F1616A,12
F1617A,0
F1619A,73
F1621A,-1
F1624A,31
F1625A,19
F1627A,22
F1632A,31
F1634A,-1
F1644A,39
F1645A,5
F1646A,13
F1650A,-1
F1657A,23
F1662A,10
F1665A,63
F1666A,101
F1667A,45
F1693A,5
F1694A,26
F1698A,10
F201S,460
F2020A,33
F2024A,32
F2033A,28
F2037A,27
F204S,24
F205S,162
F210S,75
F2126,21
F212S,96
F2169,131
F216S,55
F218S,50
F219S,443
F2201,160
F220S,74
F221S,36
F2221,163
F2223,50
F222S,49
F2233,124
F2234A,24
F223S,108
F224S,124
F2251,43
F2276,-1
F2279,0
F227S,86
F2281,102
F2288A,13
F228S,6
F2306,40
F230S,59
F2310,89
F2316,37
F2318,25
F231S,29
F2324,54
F232S,459
F233S,268
F2346A,14
F2348A,16
F235S,171
F236S,48
F2370A,9
F2379A,32
F2383A,62
F239S,18
F241S,53
F242S,41
F246S,85
F247S,323
F249S,41
F2500A,31
F2501A,28
F2502A,24
F2503A,40
F2509A,35
F250S,46
F2510A,39
F2511A,177
F2512A,-1
F2517A,184
F2518A,649
F2519A,255
F251S,135
F2520A,37
F2521A,26
F2522A,38
F2523A,59
F2524A,35
F2525A,30
F2528A,63
F2529A,213
F2530A,12
F2531A,75
F2532A,47
F2533A,69
F2537,54
F253S,237
F2540A,78
F2541A,30
F2543A,41
F2544A,30
F2545A,26
F2547A,24
F2548A,7
F2550A,109
F2551,91
F2553A,135
F2554A,41
F2556,197
F2557,29
F255S,81
F2560A,0
F2562A,32
F2563A,32
F2564A,61
F2565A,31
F2566A,57
F2567A,155
F2568A,102
F2569A,49
F2570A,51
F2571A,106
F2574A,61
F2575A,40
F2576A,23
F2577A,0
F2579A,27
F2580A,38
F2583A,6
F2584A,32
F2585A,34
F2586A,31
F2588A,33
F2589A,44
F2591A,30
F2592A,6
F2594A,63
F2595A,48
F2596A,33
F2597A,18
F2598A,16
F2599A,36
F259S,360
F2600A,13
F2602A,51
F2603A,8
F2604A,6
F2608A,0
F260S,81
F2610A,1
F2611A,-1
F2612A,34
F2613A,33
F2615A,99
F2616A,35
F2617A,51
F261S,115
F2621A,41
F2622A,31
F2623A,19
F2625A,20
F2626A,19
F2627A,48
F2628A,33
F262S,158
F2630A,26
F2633A,0
F2634A,30
F2636A,13
F2637A,37
F263S,37
F2643A,52
F2644A,67
F2645A,39
F2647A,31
F2648A,42
F2652A,65
F2654A,30
F265S,51
F2661A,34
F266S,41
F267S,229
F2680A,41
F2686A,28
F2687A,88
F2689A,10
F268S,26
F2690A,47
F2692A,10
F2693A,35
F2695A,1
F2699A,303
F269S,62
F2701A,0
F2702A,23
F2703A,20
F2705A,18
F2707A,29
F2708A,46
F2709A,35
F2710A,15
F2711A,30
F2712A,36
F2713A,20
F2714A,31
F2716A,42
F2717A,59
F2718A,233
F2719A,20
F271S,0
F2721A,32
F2722A,20
F2723A,25
F2726A,42
F2728A,26
F2729A,30
F2732A,0
F2733A,27
F2735A,15
F2737A,59
F2740,120
F2741A,33
F2743A,13
F2747,0
F2748A,36
F274S,39
F2750A,20
F2753A,38
F2756,25
F2757A,8
F2758A,10
F2759A,33
F275S,29
F2760A,25
F2761A,6
F2762A,27
F2763A,28
F2764A,127
F2766A,18
F2768A,0
F2769A,17
F276S,475
F2770A,68
F2771A,16
F2775A,29
F2776A,34
F2777A,29
F2778A,61
F2779A,140
F2788A,18
F278S,93
F2790A,19
F2791A,45
F2792A,159
F2793A,49
F2794A,27
F2795,34
F2796A,29
F2797A,17
F2799A,13
F279S,247
F2810A,44
F2811A,16
F2812A,62
F2813A,25
F2815A,38
F2816A,20
F2817A,20
F2819A,179
F281S,38
F2820A,14
F2821A,25
F2823A,62
F2824A,41
F2825A,13
F2826A,32
F2828A,2
F2829A,84
F2831A,17
F2832A,24
F2835A,11
F2836A,78
F283S,92
F2841A,36
F2842A,-4
F2843A,11
F2844A,27
F2845A,78
F2848A,29
F284S,161
F2851A,48
F2852A,18
F2854A,20
F2855A,26
F2856A,28
F2857A,10
F285S,49
F2885A,26
F288S,97
F2903A,75
F2905A,0
F2906A,32
F2907A,24
F2908A,48
F290S,270
F2912,63
F2913,254
F2916A,26
F2918,86
F2919,139
F291S,94
F2920A,32
F2921,34
F2923A,31
F2924A,16
F2925A,33
F2928A,19
F2929A,28
F292S,2
F2930A,35
F2931A,27
F2932A,19
F2933A,22
F2934A,25
F2935A,67
F2936A,58
F2938A,20
F293S,57
F2940A,27
F2941A,20
F2942,86
F2943A,55
F2946A,25
F2947A,27
F2948A,66
F2949A,27
F294S,128
F2951A,149
F2952A,38
F2953A,30
F2954A,90
F2955A,31
F2956A,31
F2958A,94
F295S,99
F2961A,81
F2962A,47
F2963A,101
F2964A,201
F2965A,83
F2967A,14
F2968A,26
F296S,68
F2973A,41
F2974A,12
F2975,43
F2976A,40
F2977A,51
F2978A,12
F2979A,30
F297S,56
F2980A,27
F2982A,157
F2983A,46
F2984A,26
F2985A,45
F2987A,30
F2989A,28
F298S,11
F2991A,28
F2993A,26
F299S,145
F3000A,18
F3002A,46
F3004A,49
F3005A,115
F3006,36
F3007A,26
F3008A,133
F300S,2
F3011,53
F3012,76
F3017,51
F301S,252
F3023,14
F3024A,30
F3029,114
F303S,52
F3041A,42
F3042,1
F304S,69
F3050A,52
F3051A,56
F3058A,70
F3059A,23
F305S,98
F3061A,11
F3065A,58
F3066A,59
F306S,20
F3070A,27
F3073A,47
F3074A,16
F3075A,30
F3076A,35
F307S,228
F3082A,0
F3083A,72
F3085A,6
F3086A,86
F3088A,28
F308S,14
F3090A,32
F3092A,13
F3096A,8
F3097A,29
F3098A,36
F3099A,0
F3100A,48
F3101A,75
F3102A,22
F3103A,372
F3105A,24
F3106A,43
F3107A,57
F3108A,62
F3109A,93
F3111A,38
F3112A,75
F3114A,41
F3115A,26
F311S,953
F3122A,19
F3124A,77
F3125A,10
F3126A,381
F3127A,25
F3128A,53
F3130A,49
F3132A,30
F3133A,17
F3134A,38
F3135A,21
F3138A,228
F3139A,30
F3141A,36
F3147A,53
F3148A,44
F3149A,129
F314S,223
F3152A,35
F3153A,12
F3154A,23
F3155A,27
F3160A,36
F3162A,24
F3163A,28
F3164,-1
F3165,34
F3167A,19
F3169A,39
F316S,176
F3170A,57
F3171A,0
F3172A,27
F3173A,15
F3174A,54
F3176A,6
F3178A,18
F3179A,30
F317S,72
F3181A,26
F3182A,25
F3183A,30
F3184A,36
F318S,221
F3190A,24
F3191A,76
F3192A,0
F3193A,74
F3194A,26
F3195A,69
F3196A,16
F3197A,2
F3198A,1
F3211A,51
F3212A,28
F3217,30
F3218,129
F321S,50
F3220A,1351
F3221A,47
F3223A,42
F3224A,39
F3225A,24
F3228A,59
F3229A,55
F322S,116
F3231A,31
F3232,51
F3235,1
F3237A,28
F3241,7
F3245A,38
F3246A,86
F3247A,28
F3248A,51
F3251A,13
F3252A,136
F3254A,120
F3255A,11
F3257A,23
F3262A,28
F3263A,-1
F3264A,12
F3265A,28
F3266A,14
F3267A,30
F3268A,24
F3270A,19
F3271A,40
F3272A,31
F3274A,0
F3275A,0
F3276A,140
F3278A,67
F3279A,0
F327S,24
F3280,213
F3280A,409
F3281A,131
F3282A,6
F3283A,178
F3284A,29
F3286A,1
F3288A,37
F328S,16
F3291A,-1
F3297,27
F3297A,7
F330S,59
F331S,245
F334S,22
F3371A,54
F3372A,26
F3373A,28
F3386A,0
F338S,82
F341S,54
F3427,0
F342S,41
F3431,0
F344S,34
F3490A,0
F358S,69
F3611,0
F3617,0
F3651,0
F3738,0
F4001,0
F4005,75
F4010A,25
F4011,90
F4013,67
F4018A,26
F4022,0
F4023,256
F4027,228
F4034,208
F4041,51
F4042A,21
F4043,78
F4051A,0
F4066,28
F406S,24
F4087,21
F4120,40
F4122,45
F4125,68
F4127,67
F4140,15
F4142,0
F4146,0
F4149A,57
F4164,0
F4166A,25
F4170,65
F4182,32
F4188,86
F4197,69
F4205A,47
F4211,208
F4213,40
F4220,41
F4224,341
F4230,188
F4235,0
F4239,0
F4244,48
F4245A,27
F4246,71
F4249A,18
F4251,244
F4256A,24
F4258,33
F4259,0
F4261,27
F4262,0
F4267,27
F4268A,28
F4270A,33
F4275,1
F4277,42
F4278,28
F4279A,122
F4280,29
F4282,53
F4283,115
F4289,21
F4290,25
F4297,46
F4301,37
F4303,13
F4304A,27
F4305A,27
F4308A,32
F4316,58
F4319,69
F4323,165
F4325,37
F4329,44
F432S,0
F4331A,36
F4333A,33
F4336A,19
F4346,333
F4348,0
F4349A,58
F4350A,31
F4359,0
F4377A,142
F4379A,58
F4380A,53
F4382,28
F4386,46
F4387,85
F4389A,27
F4390A,20
F4395A,51
F4396,39
F4398A,24
F4400,36
F4401A,4
F4405A,30
F4407A,65
F44081,0
F4409A,19
F4411A,25
F4415,128
F4419A,26
F4420,25
F4423A,37
F4426A,42
F4427A,50
F4431A,35
F4432A,35
F4435A,1
F4437A,19
F4438A,99
F44390,25
F4440A,21
F4442A,16
F4443,79
F4452A,15
F4453A,96
F4456,111
F4465,0
F4466,18
F4467,84
F4469,77
F4470A,53
F4477A,16
F4481A,32
F4485A,51
F4486A,3
F4490A,17
F4493A,17
F4494A,27
F4495A,31
F4497A,32
F4501A,28
F4502A,87
F4505A,48
F4506A,57
F4507A,34
F4512,99
F4513A,-1
F4516,0
F4519,30
F4520A,27
F4524,144
F4525A,31
F4531A,33
F4533A,28
F4534A,21
F4535A,33
F4537A,28
F4538A,39
F4541A,38
F4542A,74
F4544,0
F4545A,62
F4547A,122
F4549A,46
F4551A,13
F4552A,38
F4556A,250
F4559,54
F4562A,40
F4570A,46
F4577A,0
F4579A,38
F4582,123
F4586A,49
F4587A,59
F4588A,34
F4590A,22
F4597A,21
F4598A,31
F4599A,26
F4603A,-1
F4604A,10
F4605A,2
F4611A,10
F4612A,84
F4644A,29
F4646A,31
F4648A,33
F4651A,11
F4653A,31
F4654,62
F4662A,22
F4665A,52
F4667A,30
F4668A,25
F4671A,76
F4672A,33
F4673A,26
F4674A,32
F4677A,15
F4678A,21
F4679A,19
F4682A,28
F4683A,18
F4686A,20
F4687A,50
F4688A,28
F4692A,34
F4696A,92
F4698A,10
F4699A,20
F4703A,24
F4705A,36
F4708A,0
F4709,31
F4716A,45
F4718A,-1
F4720A,28
F4724A,38
F4725A,14
F4728A,12
F4731A,41
F4732A,25
F4733A,5
F4734A,77
F4736,32
F4737,23
F4738,33
F4739A,35
F4741A,48
F4743A,53
F4744A,62
F4745,14
F4747A,58
F4748A,30
F4749A,65
F4751A,107
F4754A,132
F4755A,13
F4758A,57
F4761A,25
F4763A,103
F4766A,121
F4767A,0
F4768A,38
F4774A,42
F4776A,26
F4789,0
F4790,86
F4793A,20
F4796A,51
F4799A,44
F4805A,27
F4810A,3
F4811A,22
F4815,100
F4816A,13
F4817A,2
F4819A,22
F4820A,16
F4821A,106
F4823A,104
F4825A,88
F4829,140
F4832A,22
F4839A,60
F4842A,37
F4844A,10
F4849A,20
F4852A,22
F4853A,31
F4854A,28
F4856,40
F4857A,25
F4860A,12
F4861A,31
F4863A,49
F4864A,25
F4865A,12
F4866A,172
F4867A,102
F4869A,46
F4870A,80
F4873A,6
F4878,0
F4880A,16
F4883A,20
F4887A,22
F4889A,34
F4891A,33
F4894A,33
F4907,32
F4913,39
F4914A,34
F4925,59
F4933A,106
F4934A,22
F4935A,7
F4939A,5
F4947A,119
F4948A,2
F4953A,0
F4954A,13
F4968A,34
F4971A,13
F4973,33
F4987A,72
F5010A,-1
F5013A,38
F5014A,60
F5016A,409
F5018A,31
F5019A,29
F5023A,10
F5024A,55
F5026A,6
F5027A,51
F5028A,38
F5029A,22
F5032A,26
F5033A,19
F5034A,29
F5035A,20
F5036A,22
F5040A,28
F5041A,0
F5043A,6
F5044A,22
F5045A,57
F5047A,20
F5048A,28
F5049A,13
F5050A,0
F5051A,25
F5053A,28
F5054A,5
F5055A,4
F5056A,30
F5059A,0
F5061A,-1
F5062A,27
F5072A,3
F5074A,0
F5078,12
F5081A,14
F5083A,20
F5084A,22
F5115A,-1
F5123,40
F5132A,25
F5134A,2
F5135A,23
F5136,30
F5137A,15
F5138A,1
F5149A,0
F5156A,0
F5160,36
F5161A,25
F5462,40
F5505,0
F5612,12
F5613,30
F5668A,28
F5693A,25
F5721A,28
F5857A,28
F5860A,29
F5877,0
F5887,0
F6001A,-1
F6002,37
F6003,0
F6005A,10
F6007A,14
F6014A,3
F6015A,2
F6016A,11
F6019,0
F6026A,7
F6030A,84
F6035A,25
F6036A,35
F6037A,29
F6038A,22
F6039A,24
F6041A,19
F6042A,26
F6045A,30
F6047A,22
F6048A,15
F6050A,26
F6055,27
F6060A,12
F6062A,35
F6065A,3
F6067A,105
F6068A,26
F6070A,26
F6071,32
F6076A,21
F6078A,27
F6081A,8
F6084A,23
F6085A,0
F6088A,54
F6090A,29
F6092A,2
F6100A,0
F6103A,24
F6106A,22
F6109A,55
F6110A,12
F6111A,54
F6119A,18
F6121A,5
F6126A,61
F6131A,0
F6133A,31
F6136A,57
F6138A,11
F6141A,9
F6143A,4
F6149A,51
F6150A,150
F6153A,10
F6156A,-1
F6158A,52
F6169A,46
F6194A,-1
F6195A,21
F6197A,44
F6198A,11
F6210A,16
F6215A,12
F6218A,24
F6224A,176
F6225A,6
F6228A,30
F6255A,69
F6304A,87
F6306A,16
F6308A,5
F6357A,49
F6377A,46
F6381,0
F6390A,0
F6398A,37
F7260,22
F7263A,46
F7266A,37
F7273A,69
F7276A,74
F7390,0
F7611,37
F80014A,35
F80017A,32
F80022A,114
F8007A,0
F8013A,14
F8021A,12
F8041,41
F8043A,41
F8044A,0
F8045A,27
F8065A,20
F8067A,35
F8078,0
F8081,0
F8085A,24
F8087A,21
F8091A,10
F8096A,29
F8098A,5
F8099A,32
F8100,46
F8126A,7
F8138A,34
F8141A,3
F8157A,43
F8159A,4
F8168A,30
F8186A,0
F8196A,0
F8211A,9
F8250A,22
F8260A,31
F8262A,22
F8264A,22
F8272A,27
F8273A,18
F8274,40
F8277A,0
F8281A,0
F8283A,26
F8284A,28
F8285A,21
F8286A,23
F8287A,32
F8289A,19
F8291A,15
F8293A,29
F8294A,25
F8311,38
F8321A,10
F8328A,0
F8330A,26
F8368A,25
F8413A,35
F8480A,6
F8521A,14
F8554,37
F8622A,3
F8651,0
F8656A,2
F8657A,23
F8661A,27
F8670,30
F86844A,145
F8690A,25
F8712A,37
F8718A,28
F8719A,90
F8720,29
F8721A,42
F8729A,32
F8733A,13
F8736A,31
F8739A,29
F8757,37
F8758,40
F8767A,30
F8798A,26
F8807A,14
F8809A,0
F8824A,15
F8856A,28
F8860A,19
F8889A,36
F8900A,18
F8909A,8
F8916,5
F8933,31
F8980A,43
F8989A,-1
F9000M,76
F9001M,60
F9002M,59
F9003D,62
F9004M,30
F9006M,13
F9007M,31
F9008M,14
F9009D,97
F9010D,53
F9011D,44
F9012D,52
F9013M,32
F9014M,55
F9015M,33
F9016D,20
F9017M,26
F9018M,35
F9019D,25
F9020M,30
F9021M,42
F9022M,30
F9023M,30
F9025M,32
F9026M,20
F9027M,0
F9028D,0
F9029M,60
F9031M,12
F9033M,28
F9034D,41
F9035M,36
F9036D,42
F9037M,87
F9039D,31
F9040D,38
F9041D,43
F9042D,43
F9043D,40
F9044M,57
F9045D,39
F9046M,0
F9047M,27
F9048D,11
F9049D,50
F9050M,30
F9051M,41
F9052D,38
F9053M,30
F9054M,29
F9055M,30
F9056D,61
F9057M,0
F9058M,28
F9059M,30
F9060D,39
F9061D,17
F9062M,30
F9063M,30
F9064M,30
F9066M,31
F9067M,30
F9068M,33
F9069M,59
F9070M,42
F9072M,4
F9073M,26
F9074M,42
F9075D,38
F9076M,34
F9077M,24
F9078D,34
F9079M,31
F9080M,45
F9081M,48
F9082M,30
F9083D,50
F9086M,29
F9087M,39
F9088M,60
F9090M,30
F9091M,31
F9092M,30
F9093M,35
F9094M,34
F9096M,2
F9097M,28
F9098M,160
F9099M,31
F9102D,0
F9103M,30
F9104M,45
F9105M,0
F9107M,44
F9108M,0
F9109M,45
F9115M,55
F9116M,37
F9117M,31
F9118M,31
F9119M,31
F9120M,29
F9121M,71
F9122M,37
F9123M,24
F9124M,14
F9125M,28
F9126M,34
F9130M,30
F9132M,48
F9134M,30
F9136M,47
F9137M,7
F9138M,60
F9139M,64
F9140M,41
F9141M,12
F9142M,29
F9143M,45
F9144M,30
F9145M,30
F9146M,30
F9148M,30
F9149M,41
F9152M,32
F9155M,30
F9156M,44
F9157M,24
F9159M,27
F9161M,65
F9162M,30
F9178M,30
F9183M,30
F9193M,34
F9202M,30
F9206M,0
F9207M,28
F9208M,53
F9209M,30
F9218M,40
F9219M,46
F9227M,30
F9232M,30
F9233M,23
F9239M,30
F9244M,25
F9267M,10
F9310M,-1
F9320M,51
F9330M,0
F9347M,30
F9350M,31
F9351M,30
F9357M,30
F9361M,7
F9376M,24
F9384M,25
F9387M,34
F9395M,48
F9399M,57
F9400M,74
F9406M,52
F9407M,0
F9408M,30
F9414M,30
F9429M,0
F9445M,30
F9450M,31
F9454M,30
F9460M,34
F9505M,22
F9512M,60
F9523M,0
F9524M,57
F9527M,30
F9543M,60
F9548M,44
F9572M,40
F9587M,30
F9588M,49
F9589M,26
F9618M,27
F9657M,55
F9665M,46
F9676M,30
F9711M,10
F9713M,30
F9736M,53
F9737M,169
F9744M,61
F9746M,33
F9747M,29
F9749M,22
F9750M,30
F9753M,28
F9754M,65
F9755M,30
F9758M,45
F9764M,55
F9765M,9
F9774M,30
F9790M,37
F9807M,14
F9838M,26
F9845M,62
F9848M,60
F9866M,55
F9873M,32
F9878M,25
F9886M,44
F9889M,30
F9896M,30
F9901M,30
F9905M,30
F9926M,30
F9935M,29
F9959M,24
F9962M,26
F9978M,13
FW801,57
FW900,163
FW901,43
FW909,52
HP1011,110
HP1013,59
HP1060A,75
HP1072,184
HP1075A,155
HP1247,136
HP1248A,79
HP1325,72
HP1377,139
HP1482,105
HP2221,185
HP2251,106
HP2281,140
HP2310,223
HP2379A,62
HP2511A,0
HP2512A,31
HP2519A,113
HP2529A,21
HP2553A,55
HP2567A,17
HP2740,19
HP2958A,10
HP2963A,126
HP3004A,59
HP3017,91
HP3128A,62
HP3138A,37
HP3149A,224
HP3165,34
HP3211A,51
HP4005,65
HP4034,1
HP4120,179
HP4188,42
HP4224,183
HP4230,196
HP4239,14
HP4246,132
HP4251,262
HP4290,38
HP4323,43
HP4346,366
HP4387,55
HP4427A,42
HP4435A,56
HP4456,102
HP4577A,0
HP4754A,84
