SKU,Quantity,Price
05-R101346,2.0,56.68
05-R1061,0.0,61.15
05-R1062,0.0,61.12
05-R1118,0.0,50.78
05-R1135,2.0,51.55
05-R1140,0.0,56.02
05-R1164,5.0,82.72
05-R1165,2.0,149.62
05-R1168,0.0,39.38
05-R1190,0.0,71.85
05-R1193,0.0,59.23
05-R1202,0.0,67.58
05-R1273,0.0,55.89
05-R1277,0.0,52.02
05-R1278,0.0,54.34
05-R1290,0.0,31.23
05-R1295,6.0,73.92
05-R13000,8.0,50.6
05-R13001,0.0,51.92
05-R13002,4.0,49.49
05-R13004,8.0,164.98
05-R13005,0.0,51.57
05-R13007,0.0,73.31
05-R13012,4.0,56.54
05-R13014,0.0,76.29
05-R13015,0.0,56.14
05-R13016,0.0,43.17
05-R13018,0.0,55.0
05-R13019,10.0,62.45
05-R1302,0.0,67.25
05-R13021,0.0,48.28
05-R13022,60.0,180.42
05-R13024,0.0,70.4
05-R13026,9.0,52.4
05-R13027,18.0,75.02
05-R13031,9.0,52.71
05-R13036,0.0,114.14
05-R13037,4.0,58.2
05-R13038,2.0,54.74
05-R13039,0.0,61.88
05-R13040,11.0,57.83
05-R13041,0.0,57.83
05-R13042,5.0,51.45
05-R13044,2.0,87.92
05-R13045,6.0,73.71
05-R13047,90.0,49.71
05-R13049,4.0,48.02
05-R13055,5.0,73.45
05-R13056,0.0,76.29
05-R13057,0.0,75.12
05-R13059,0.0,55.34
05-R1306,0.0,66.83
05-R13062,0.0,63.05
05-R13065,14.0,60.55
05-R13066,0.0,64.46
05-R13068,9.0,49.45
05-R13070,4.0,45.06
05-R13071,4.0,62.09
05-R13073,0.0,0.0
05-R13074,0.0,59.72
05-R13076,0.0,61.86
05-R13078,0.0,54.88
05-R13080,0.0,104.54
05-R13081,7.0,67.37
05-R13082,17.0,55.14
05-R13084,1.0,43.98
05-R13085,0.0,56.37
05-R13087,0.0,47.09
05-R13088,2.0,66.18
05-R13090,4.0,54.74
05-R13091,0.0,44.38
05-R13092,32.0,49.75
05-R13095,10.0,58.2
05-R13096,4.0,70.72
05-R13097,0.0,57.37
05-R13099,0.0,74.11
05-R13100,4.0,43.88
05-R13101,10.0,58.95
05-R13103,80.0,62.95
05-R13104,4.0,62.09
05-R13105,0.0,49.09
05-R13106,32.0,47.15
05-R13111,0.0,57.51
05-R13112,3.0,56.4
05-R13115,0.0,66.78
05-R13116,0.0,62.09
05-R13119,0.0,41.75
05-R13120,4.0,56.09
05-R13122,2.0,62.54
05-R13124,4.0,29.48
05-R13126,0.0,64.8
05-R13127,10.0,45.26
05-R13128,0.0,73.92
05-R13129,0.0,71.55
05-R13131,0.0,49.49
05-R13133,4.0,51.35
05-R13134,2.0,48.23
05-R13135,6.0,45.89
05-R13136,0.0,54.34
05-R13137,1.0,45.42
05-R13138,0.0,42.02
05-R13141,0.0,71.89
05-R13142,6.0,78.65
05-R13144,2.0,58.45
05-R13146,2.0,57.54
05-R13148,18.0,65.69
05-R13150,0.0,53.75
05-R13151,6.0,59.72
05-R13152,0.0,47.65
05-R13155,4.0,53.65
05-R13156,8.0,66.69
05-R13157,0.0,53.28
05-R13158,14.0,69.26
05-R13160,0.0,51.57
05-R13161,0.0,55.75
05-R13162,0.0,84.48
05-R13163,0.0,0.0
05-R13164,0.0,0.0
05-R13165,0.0,0.0
05-R13166,0.0,0.0
05-R13167,0.0,44.29
05-R13168,9.0,72.91
05-R13169,0.0,0.0
05-R13175,0.0,0.0
05-R13176,0.0,0.0
05-R13177,0.0,0.0
05-R13178,0.0,57.37
05-R13179,2.0,67.09
05-R1318,8.0,49.91
05-R13181,0.0,69.75
05-R13184,6.0,53.94
05-R13185,6.0,60.25
05-R13187,0.0,62.78
05-R13188,3.0,64.51
05-R13189,8.0,50.06
05-R1319,0.0,48.23
05-R13191,0.0,53.75
05-R13194,0.0,54.92
05-R13197,0.0,58.38
05-R13200,78.0,52.0
05-R13201,0.0,41.48
05-R13202,4.0,46.54
05-R13204,0.0,53.91
05-R13206,7.0,67.11
05-R13208,12.0,52.94
05-R13209,2.0,60.32
05-R13210,9.0,68.43
05-R13212,3.0,59.17
05-R13213,0.0,62.92
05-R13214,1.0,63.28
05-R13215,0.0,48.8
05-R13217,0.0,54.03
05-R13219,0.0,42.23
05-R13220,0.0,46.06
05-R13221,0.0,46.32
05-R13227,0.0,82.98
05-R13229,76.0,80.85
05-R13230,30.0,148.78
05-R13231,0.0,118.49
05-R13233,0.0,44.31
05-R13234,9.0,53.82
05-R13236,0.0,78.65
05-R13240,10.0,77.54
05-R13241,0.0,66.31
05-R13244,39.0,137.95
05-R13245,2.0,39.29
05-R13247,5.0,52.58
05-R13248,7.0,64.28
05-R13249,0.0,54.17
05-R13250,7.0,58.92
05-R13251,0.0,80.34
05-R13253,0.0,43.68
05-R13254,2.0,65.97
05-R13255,0.0,50.26
05-R13256,5.0,62.85
05-R13263,0.0,49.09
05-R13264,7.0,52.17
05-R13266,2.0,68.52
05-R13267,0.0,71.55
05-R13268,0.0,36.35
05-R13270,0.0,49.28
05-R13271,2.0,50.26
05-R13272,5.0,52.35
05-R13273,0.0,44.8
05-R13274,0.0,0.0
05-R13275,0.0,0.0
05-R13277,0.0,56.89
05-R13278,26.0,88.05
05-R13279,0.0,0.0
05-R13281,5.0,57.58
05-R13284,0.0,53.03
05-R13285,0.0,73.69
05-R13286,0.0,2370.71
05-R13290,0.0,0.0
05-R13292,16.0,42.02
05-R13293,0.0,50.52
05-R13296,13.0,131.18
05-R13300,12.0,35.63
05-R13301,0.0,97.57
05-R13302,0.0,55.18
05-R13303,14.0,45.72
05-R13304,16.0,36.15
05-R13305,0.0,69.69
05-R13306,2.0,57.83
05-R13307,8.0,57.83
05-R13308,11.0,57.83
05-R13313,4.0,62.09
05-R13314,0.0,50.57
05-R13315,0.0,60.28
05-R13316,0.0,0.0
05-R13317,3.0,52.02
05-R13318,0.0,74.8
05-R13319,10.0,50.15
05-R13320,6.0,59.72
05-R13321,3.0,63.92
05-R13323,0.0,50.03
05-R13324,14.0,59.52
05-R13325,1.0,70.37
05-R13326,14.0,59.35
05-R13327,1.0,66.83
05-R13328,26.0,60.02
05-R13329,0.0,66.83
05-R13331,0.0,62.69
05-R13333,0.0,47.31
05-R13335,6.0,146.11
05-R13336,0.0,0.0
05-R13339,22.0,116.49
05-R13340,0.0,55.0
05-R13341,6.0,70.71
05-R13342,0.0,50.46
05-R13343,2.0,53.49
05-R13345,0.0,76.29
05-R13346,2.0,47.6
05-R13348,22.0,73.92
05-R13351,0.0,63.23
05-R13352,2.0,57.2
05-R13353,0.0,54.15
05-R13354,6.0,55.14
05-R13355,16.0,38.09
05-R13356,10.0,71.55
05-R13358,2.0,65.26
05-R13359,0.0,102.31
05-R13360,0.0,49.77
05-R13361,4.0,73.34
05-R13362,5.0,66.23
05-R13363,0.0,51.45
05-R13364,0.0,65.17
05-R13365,12.0,45.94
05-R13366,0.0,61.65
05-R13367,0.0,48.89
05-R13368,4.0,58.55
05-R13371,8.0,65.03
05-R13373,2.0,61.86
05-R13376,6.0,71.55
05-R13377,0.0,125.97
05-R13378,0.0,0.0
05-R13379,0.0,0.0
05-R13380,0.0,0.0
05-R13381,0.0,0.0
05-R13387,5.0,64.46
05-R13388,0.0,56.0
05-R13389,4.0,54.83
05-R13390,5.0,57.37
05-R13391,0.0,54.08
05-R13393,15.0,74.92
05-R13394,0.0,54.74
05-R13395,10.0,63.28
05-R13396,8.0,88.31
05-R13397,0.0,92.42
05-R13400,23.0,47.91
05-R13401,10.0,57.25
05-R13402,28.0,62.69
05-R13404,0.0,50.98
05-R13405,4.0,62.54
05-R13412,0.0,47.88
05-R13414,0.0,48.43
05-R13415,11.0,49.82
05-R13416,0.0,43.34
05-R13418,8.0,51.05
05-R13419,14.0,70.4
05-R13420,6.0,58.75
05-R13421,0.0,59.06
05-R13422,8.0,53.18
05-R13423,5.0,52.77
05-R13424,4.0,53.49
05-R13425,0.0,44.92
05-R13427,0.0,34.28
05-R13430,7.0,52.46
05-R13431,13.0,54.17
05-R13432,2.0,65.15
05-R13433,0.0,85.75
05-R13436,0.0,30.83
05-R13439,0.0,33.17
05-R13440,0.0,62.65
05-R13442,5.0,41.63
05-R13443,4.0,47.15
05-R13445,13.0,53.94
05-R13447,14.0,66.31
05-R13448,22.0,71.29
05-R13450,0.0,59.28
05-R13451,0.0,47.57
05-R13453,0.0,62.0
05-R13454,54.0,64.85
05-R13455,0.0,50.51
05-R13456,2.0,57.74
05-R13457,0.0,52.18
05-R13458,4.0,47.6
05-R13460,8.0,61.68
05-R13461,6.0,49.82
05-R13466,2.0,80.29
05-R13468,11.0,37.4
05-R13469,0.0,39.89
05-R13470,18.0,47.62
05-R13471,6.0,64.11
05-R13472,2.0,64.46
05-R13473,3.0,73.08
05-R13475,3.0,51.31
05-R13476,22.0,96.28
05-R13477,10.0,49.42
05-R13480,0.0,56.94
05-R13486,0.0,64.6
05-R13489,6.0,71.55
05-R13490,0.0,104.98
05-R13491,5.0,109.4
05-R13492,8.0,76.29
05-R13493,0.0,69.88
05-R13494,9.0,73.92
05-R13495,0.0,0.0
05-R13496,0.0,87.3
05-R13497,0.0,85.75
05-R13498,2.0,85.05
05-R13500,0.0,98.75
05-R13501,0.0,78.45
05-R13502,3.0,66.83
05-R13503,0.0,46.95
05-R13504,0.0,73.92
05-R13505,0.0,78.65
05-R13506,2.0,60.63
05-R13507,0.0,56.23
05-R13508,10.0,56.46
05-R13509,0.0,69.18
05-R13510,0.0,85.75
05-R13511,4.0,69.75
05-R13512,0.0,65.34
05-R13513,4.0,54.0
05-R13514,0.0,56.06
05-R13515,4.0,46.11
05-R13516,2.0,62.12
05-R13517,0.0,59.72
05-R13518,5.0,50.38
05-R13520,0.0,67.02
05-R13521,2.0,60.6
05-R13522,0.0,65.2
05-R13524,0.0,52.62
05-R13525,0.0,47.25
05-R13526,4.0,59.72
05-R13527,0.0,64.46
05-R13528,10.0,60.91
05-R13529,7.0,56.58
05-R13530,8.0,62.69
05-R13532,0.0,55.52
05-R13533,48.0,56.14
05-R13534,4.0,59.72
05-R13535,1.0,53.82
05-R13536,9.0,50.88
05-R13537,0.0,47.91
05-R13538,8.0,53.55
05-R13539,0.0,43.77
05-R13540,0.0,81.89
05-R13541,6.0,63.54
05-R13542,0.0,0.0
05-R13543,4.0,66.83
05-R13544,2.0,48.98
05-R13546,0.0,0.0
05-R13548,21.0,58.74
05-R13551,0.0,69.45
05-R13552,0.0,42.28
05-R13553,0.0,59.72
05-R13554,0.0,72.34
05-R13555,0.0,71.37
05-R13556,2.0,78.65
05-R13557,0.0,78.65
05-R13558,0.0,66.23
05-R13559,4.0,65.52
05-R13560,0.0,70.63
05-R13561,12.0,71.55
05-R13562,2.0,85.75
05-R13565,0.0,72.98
05-R13567,0.0,61.98
05-R13568,0.0,57.37
05-R13570,0.0,55.35
05-R13571,5.0,54.29
05-R13572,4.0,69.18
05-R13574,33.0,66.83
05-R13575,0.0,66.83
05-R13576,0.0,52.05
05-R13577,6.0,54.2
05-R13578,0.0,62.09
05-R13579,5.0,44.8
05-R13581,1.0,71.49
05-R13582,0.0,57.37
05-R13583,0.0,42.95
05-R13584,2.0,56.4
05-R13585,2.0,46.54
05-R13586,0.0,62.92
05-R13588,0.0,55.23
05-R13589,0.0,65.86
05-R13590,0.0,46.29
05-R13591,0.0,46.55
05-R13592,7.0,71.35
05-R13593,0.0,59.72
05-R13594,0.0,64.46
05-R13595,20.0,110.54
05-R13596,0.0,63.42
05-R13597,10.0,113.28
05-R13598,0.0,73.54
05-R13599,2.0,73.97
05-R13600,16.0,42.86
05-R13601,10.0,64.89
05-R13602,17.0,67.09
05-R13603,8.0,57.37
05-R13604,3.0,67.25
05-R13605,2.0,53.82
05-R13606,6.0,69.69
05-R13607,16.0,62.09
05-R13608,0.0,59.72
05-R13609,0.0,47.26
05-R13610,2.0,60.28
05-R13611,2.0,62.92
05-R13612,0.0,58.55
05-R13613,0.0,90.48
05-R13614,2.0,31.68
05-R13615,0.0,59.72
05-R13616,0.0,190.28
05-R13617,36.0,57.37
05-R13620,6.0,53.11
05-R13622,0.0,60.91
05-R13623,0.0,62.8
05-R13624,2.0,122.08
05-R13625,0.0,59.72
05-R13626,14.0,59.92
05-R13628,0.0,69.18
05-R13629,0.0,65.6
05-R13630,0.0,60.91
05-R13631,0.0,73.92
05-R13632,0.0,80.74
05-R13633,0.0,65.78
05-R13634,0.0,65.6
05-R13635,6.0,62.09
05-R13636,0.0,92.85
05-R13637,0.0,85.75
05-R13641,0.0,70.98
05-R13643,1.0,163.8
05-R13644,0.0,53.94
05-R13645,0.0,69.18
05-R13646,8.0,59.72
05-R13647,2.0,64.46
05-R13650,4.0,73.92
05-R13651,4.0,69.18
05-R13652,6.0,173.26
05-R13653,0.0,59.72
05-R13654,0.0,71.55
05-R13655,0.0,59.72
05-R13657,0.0,66.83
05-R13658,4.0,62.29
05-R13660,0.0,0.0
05-R13662,0.0,66.0
05-R13663,0.0,70.62
05-R13664,8.0,48.83
05-R13665,0.0,60.8
05-R13666,16.0,45.35
05-R13668,2.0,69.75
05-R13670,12.0,51.57
05-R13671,12.0,73.57
05-R13672,6.0,52.37
05-R13674,0.0,60.23
05-R13675,9.0,81.02
05-R13676,40.0,172.15
05-R13677,0.0,55.54
05-R13678,10.0,48.14
05-R13679,2.0,69.18
05-R13680,0.0,78.65
05-R13681,0.0,91.45
05-R13682,0.0,69.66
05-R13683,5.0,92.85
05-R13685,7.0,58.35
05-R13686,5.0,59.72
05-R13687,2.0,56.09
05-R13688,0.0,107.03
05-R13689,0.0,97.57
05-R13690,10.0,184.37
05-R13694,0.0,166.17
05-R13695,12.0,53.34
05-R13696,0.0,62.09
05-R13699,4.0,66.83
05-R13700,25.0,71.55
05-R13701,5.0,64.46
05-R13702,0.0,0.0
05-R13703,0.0,62.09
05-R13704,0.0,78.65
05-R13705,3.0,79.2
05-R13706,0.0,76.29
05-R13707,1.0,69.18
05-R13708,0.0,55.0
05-R13709,2.0,57.37
05-R13710,0.0,47.51
05-R13711,0.0,0.0
05-R13712,0.0,0.0
05-R13713,4.0,67.09
05-R13714,8.0,69.18
05-R13715,2.0,64.46
05-R13716,10.0,110.8
05-R13717,6.0,161.45
05-R13718,3.0,87.43
05-R13719,0.0,59.72
05-R13720,0.0,0.0
05-R13721,4.0,92.85
05-R13722,0.0,0.0
05-R13723,0.0,84.38
05-R13725,0.0,96.66
05-R13748,20.0,55.0
05-R13749,5.0,73.92
05-R13750,0.0,0.0
05-R13751,0.0,53.89
05-R13752,0.0,68.2
05-R13753,16.0,107.03
05-R13754,36.0,92.57
05-R13755,0.0,71.55
05-R13756,0.0,83.6
05-R13757,0.0,73.92
05-R13758,6.0,117.68
05-R13759,5.0,122.08
05-R13760,0.0,0.0
05-R13761,6.0,93.49
05-R13763,0.0,0.0
05-R13764,0.0,0.0
05-R13765,0.0,92.32
05-R13766,4.0,84.69
05-R13767,0.0,83.62
05-R13768,16.0,52.52
05-R13769,0.0,47.91
05-R13771,0.0,52.57
05-R13772,0.0,75.06
05-R13773,2.0,81.02
05-R13774,8.0,89.09
05-R13775,0.0,59.72
05-R13776,0.0,62.09
05-R13777,0.0,57.37
05-R13778,5.0,60.86
05-R13779,6.0,66.83
05-R13782,0.0,69.18
05-R13783,7.0,137.68
05-R13784,0.0,2373.05
05-R13786,12.0,66.83
05-R13787,0.0,57.37
05-R13788,2.0,76.29
05-R13790,0.0,156.71
05-R13791,8.0,64.46
05-R13792,4.0,85.75
05-R13793,8.0,68.63
05-R13796,15.0,57.37
05-R13797,23.0,88.11
05-R13798,0.0,104.48
05-R13799,0.0,88.11
05-R13800,6.0,81.57
05-R13801,28.0,66.83
05-R13802,0.0,69.18
05-R13803,4.0,94.95
05-R13804,10.0,77.02
05-R13805,14.0,55.0
05-R13806,0.0,0.0
05-R13807,0.0,0.0
05-R13808,0.0,85.75
05-R13809,3.0,63.95
05-R13810,0.0,61.95
05-R13812,0.0,64.89
05-R13813,0.0,78.65
05-R13814,2.0,76.29
05-R13816,0.0,0.0
05-R13817,16.0,47.57
05-R13818,0.0,78.05
05-R13819,7.0,69.49
05-R13820,0.0,50.46
05-R13821,7.0,62.09
05-R13822,0.0,0.0
05-R13823,18.0,59.72
05-R13824,13.0,71.55
05-R13825,3.0,47.15
05-R13826,4.0,58.38
05-R13827,0.0,75.4
05-R13829,0.0,88.11
05-R13831,6.0,96.05
05-R13832,8.0,59.72
05-R13833,18.0,57.37
05-R13834,30.0,59.72
05-R13835,0.0,75.06
05-R13836,0.0,0.0
05-R13837,1.0,71.55
05-R13838,0.0,62.09
05-R13839,7.0,70.72
05-R13840,0.0,104.68
05-R13841,0.0,125.97
05-R13842,0.0,55.22
05-R13843,0.0,107.03
05-R13844,12.0,78.65
05-R13845,0.0,106.68
05-R13847,6.0,62.65
05-R13848,0.0,62.65
05-R13849,4.0,159.08
05-R13850,0.0,66.83
05-R13851,4.0,87.95
05-R13852,7.0,77.52
05-R13853,0.0,69.18
05-R13854,4.0,59.72
05-R13855,0.0,73.92
05-R13856,0.0,69.18
05-R13857,14.0,70.66
05-R13858,7.0,78.65
05-R13859,4.0,74.4
05-R13860,0.0,85.75
05-R13861,7.0,76.29
05-R13862,0.0,51.48
05-R13863,4.0,81.22
05-R13864,0.0,69.18
05-R13867,0.0,0.0
05-R13868,6.0,84.73
05-R13869,4.0,71.55
05-R13870,0.0,69.18
05-R13871,4.0,102.31
05-R13872,2.0,71.55
05-R13873,0.0,64.46
05-R13874,0.0,59.72
05-R13875,4.0,89.09
05-R13876,6.0,64.46
05-R13877,0.0,69.18
05-R13878,4.0,78.65
05-R13879,11.0,238.68
05-R13880,0.0,69.18
05-R13882,0.0,76.29
05-R13883,0.0,51.69
05-R13884,6.0,71.55
05-R13885,0.0,159.08
05-R13886,0.0,66.83
05-R13887,0.0,66.83
05-R13888,11.0,75.89
05-R13889,5.0,90.48
05-R13890,3.0,69.18
05-R13893,0.0,0.0
05-R13894,0.0,66.83
05-R13895,0.0,97.57
05-R13896,0.0,90.48
05-R13897,0.0,62.09
05-R13898,0.0,0.0
05-R13899,6.0,51.95
05-R13900,3.0,55.0
05-R13901,12.0,78.65
05-R13902,0.0,73.69
05-R13903,0.0,114.14
05-R13904,13.0,76.29
05-R13905,0.0,87.33
05-R13906,0.0,111.77
05-R13907,0.0,59.72
05-R13908,2.0,102.31
05-R13909,0.0,84.69
05-R13910,0.0,91.83
05-R13911,4.0,71.55
05-R13912,6.0,66.83
05-R13913,6.0,71.55
05-R13914,0.0,95.69
05-R13915,0.0,69.18
05-R13916,0.0,66.83
05-R13917,0.0,135.42
05-R13918,0.0,90.48
05-R13919,20.0,92.85
05-R13920,0.0,103.71
05-R13922,0.0,73.92
05-R13923,6.0,116.49
05-R13924,0.0,78.65
05-R13925,0.0,69.18
05-R13926,0.0,73.92
05-R13927,7.0,66.83
05-R13928,6.0,64.46
05-R13929,1.0,95.22
05-R1393,0.0,50.03
05-R13930,19.0,102.31
05-R13931,0.0,0.0
05-R13932,0.0,57.37
05-R13933,8.0,66.83
05-R13934,0.0,66.83
05-R13935,0.0,78.65
05-R13936,0.0,73.92
05-R13937,0.0,114.14
05-R13938,0.0,57.37
05-R13939,0.0,55.0
05-R1394,13.0,73.28
05-R13940,0.0,66.83
05-R13941,0.0,76.29
05-R13942,0.0,151.98
05-R13943,7.0,168.54
05-R13944,0.0,59.72
05-R13945,3.0,78.65
05-R13946,0.0,71.55
05-R13947,0.0,90.48
05-R13948,0.0,64.46
05-R13949,0.0,76.29
05-R13950,0.0,78.65
05-R13951,0.0,83.38
05-R13952,0.0,90.48
05-R13953,0.0,78.65
05-R13955,0.0,88.11
05-R13956,2.0,64.46
05-R13957,0.0,73.92
05-R13958,0.0,73.92
05-R13959,0.0,90.48
05-R1396,0.0,73.28
05-R13964,0.0,88.11
05-R13965,0.0,57.37
05-R13968,0.0,0.0
05-R13970,0.0,73.92
05-R13971,0.0,73.92
05-R13972,0.0,73.92
05-R13973,0.0,0.0
05-R13975,0.0,81.02
05-R13978,0.0,78.65
05-R13979,0.0,114.14
05-R13980,0.0,66.83
05-R13981,0.0,78.65
05-R13983,0.0,66.83
05-R13984,0.0,85.75
05-R13985,0.0,90.48
05-R13986,0.0,0.0
05-R13988,0.0,66.83
05-R13989,0.0,90.48
05-R13990,0.0,90.48
05-R13991,0.0,64.46
05-R13992,0.0,90.48
05-R13993,0.0,114.14
05-R13995,0.0,88.11
05-R13996,0.0,90.48
05-R13997,0.0,78.65
05-R13998,0.0,69.18
05-R13999,0.0,62.09
05-R14000,0.0,0.0
05-R14002,0.0,88.11
05-R14003,0.0,69.18
05-R14004,0.0,78.65
05-R14011,0.0,0.0
05-R14013,0.0,66.83
05-R14023,0.0,97.57
05-R1409,2.0,48.05
05-R1446,0.0,66.18
05-R1451,2.0,101.62
05-R1452,0.0,69.25
05-R1453,12.0,69.25
05-R1454,3.0,93.32
05-R1455,0.0,96.66
05-R1456,0.0,94.52
05-R1482,0.0,67.82
05-R1485,0.0,64.85
05-R1488,5.0,61.95
05-R1494,1.0,44.62
05-R1512,10.0,69.65
05-R1516,0.0,67.06
05-R1517,0.0,72.42
05-R1518,0.0,54.31
05-R1520,3.0,119.15
05-R1522,1.0,85.62
05-R1531,0.0,52.75
05-R1533,5.0,66.48
05-R1552,0.0,80.66
05-R1553,6.0,122.63
05-R1557,7.0,49.71
05-R1568,4.0,50.34
05-R1573,0.0,47.38
05-R1577,2.0,83.38
05-R1609,7.0,74.82
05-R161,0.0,67.15
05-R162,0.0,64.18
05-R1682,0.0,63.15
05-R1687,0.0,51.86
05-R1696,0.0,128.89
05-R1704,5.0,50.52
05-R1707,0.0,79.29
05-R1722,15.0,71.06
05-R1725,0.0,130.69
05-R1726,0.0,61.88
05-R1728,8.0,84.88
05-R1737,0.0,70.98
05-R1746,4.0,53.03
05-R1750,3.0,45.89
05-R1752,1.0,50.77
05-R1755,15.0,63.63
05-R1774,7.0,60.68
05-R1775,0.0,60.34
05-R1778,0.0,59.31
05-R1815,0.0,49.45
05-R1824,0.0,102.31
05-R1826,9.0,64.85
05-R1830,0.0,66.17
05-R1831,6.0,110.82
05-R1841,0.0,57.25
05-R1850,0.0,68.89
05-R1859,7.0,52.75
05-R1864,2.0,50.77
05-R1880,0.0,59.72
05-R1885,4.0,62.29
05-R1889,0.0,53.25
05-R1892,0.0,49.46
05-R1897,10.0,52.28
05-R19,4.0,47.2
05-R1905,0.0,81.97
05-R1909,0.0,48.74
05-R1910,8.0,50.29
05-R1912,3.0,53.34
05-R1917,0.0,87.95
05-R1994,1.0,91.22
05-R1995,1.0,130.69
05-R1998,0.0,71.2
05-R2003,0.0,69.29
05-R2018,10.0,102.31
05-R2034,10.0,61.51
05-R2038,0.0,69.18
05-R2042,0.0,77.22
05-R2044,2.0,70.31
05-R2051,0.0,47.88
05-R2055,5.0,55.49
05-R2056,1.0,54.08
05-R2057,4.0,59.68
05-R2058,4.0,52.8
05-R2065,0.0,58.97
05-R2073,4.0,57.91
05-R208,8.0,53.82
05-R2087,0.0,44.85
05-R2099,2.0,67.51
05-R2136,16.0,104.68
05-R2138,0.0,66.32
05-R2139,5.0,65.97
05-R2141,8.0,73.08
05-R2147,0.0,50.48
05-R2148,11.0,44.75
05-R2153,0.0,64.46
05-R2157,8.0,59.72
05-R2170,25.0,99.94
05-R2171,9.0,136.29
05-R2172,10.0,74.28
05-R2173,42.0,77.18
05-R2183,0.0,59.32
05-R2184,15.0,63.15
05-R2189,0.0,78.37
05-R2190,4.0,78.49
05-R2191,4.0,48.0
05-R2194,0.0,54.55
05-R2195,0.0,51.97
05-R2198,0.0,44.43
05-R2215,2.0,48.49
05-R2222,0.0,53.86
05-R2241,18.0,48.26
05-R2256,1.0,55.0
05-R2257,30.0,73.08
05-R2258,0.0,71.25
05-R2259,6.0,69.12
05-R2262,6.0,75.11
05-R2263,0.0,75.11
05-R2264,0.0,46.02
05-R2265,0.0,44.03
05-R2268,0.0,48.05
05-R2269,4.0,52.94
05-R2270,0.0,52.58
05-R2271,24.0,56.92
05-R2278,0.0,60.71
05-R2282,6.0,92.14
05-R2285,0.0,60.54
05-R2290,1.0,78.18
05-R2292,4.0,52.71
05-R2294,0.0,67.91
05-R2295,0.0,58.55
05-R2296,2.0,38.71
05-R2298,32.0,54.83
05-R2303,0.0,48.35
05-R2305,8.0,41.06
05-R2306,0.0,51.75
05-R2307,0.0,61.25
05-R2308,0.0,78.94
05-R2309,8.0,75.89
05-R2311,2.0,65.48
05-R2320,0.0,87.74
05-R2321,0.0,82.34
05-R2323,0.0,53.37
05-R2324,1.0,54.72
05-R2325,0.0,63.28
05-R2329,0.0,51.45
05-R2330,4.0,52.77
05-R2331,0.0,53.68
05-R2334,0.0,66.12
05-R2335,0.0,43.62
05-R2336,2.0,73.92
05-R2337,0.0,61.48
05-R2338,0.0,46.94
05-R2339,3.0,53.6
05-R234,0.0,63.6
05-R2342,0.0,59.66
05-R2343,0.0,54.78
05-R2346,0.0,45.82
05-R2348,12.0,55.22
05-R2354,0.0,43.17
05-R2356,0.0,52.32
05-R2362,0.0,46.11
05-R2363,0.0,44.57
05-R2370,40.0,87.43
05-R2375,0.0,47.34
05-R2376,6.0,91.49
05-R2387,10.0,47.57
05-R2389,0.0,55.75
05-R2400,2.0,55.0
05-R2402,0.0,47.83
05-R2403,16.0,53.82
05-R2409,0.0,65.03
05-R2410,0.0,52.26
05-R2412,0.0,47.6
05-R2414,8.0,49.4
05-R2415,0.0,49.4
05-R2419,0.0,69.85
05-R2423,0.0,81.31
05-R2424,0.0,67.06
05-R2428,2.0,43.22
05-R2430,0.0,48.89
05-R2431,4.0,46.38
05-R2435,0.0,55.48
05-R2437,46.0,51.29
05-R2442,0.0,72.55
05-R2443,8.0,50.51
05-R2448,0.0,49.02
05-R2451,4.0,47.03
05-R2452,0.0,56.94
05-R2453,0.0,56.94
05-R2455,3.0,56.18
05-R2458,8.0,67.68
05-R2459,0.0,55.74
05-R2468,1.0,53.37
05-R2469,0.0,49.28
05-R2470,2.0,72.78
05-R2479,0.0,66.83
05-R2480,0.0,67.15
05-R2481,10.0,64.69
05-R2482,1.0,67.09
05-R2491,0.0,67.58
05-R2510,8.0,120.49
05-R2518,0.0,52.26
05-R2537,7.0,118.86
05-R2556,4.0,62.14
05-R2562,0.0,58.43
05-R2563,14.0,73.92
05-R2565,0.0,61.92
05-R2571,10.0,49.05
05-R2572,7.0,48.09
05-R2574,2.0,44.97
05-R2575,5.0,63.42
05-R2576,4.0,55.23
05-R2578,8.0,52.37
05-R2580,14.0,69.18
05-R2581,14.0,71.23
05-R2585,0.0,69.91
05-R2588,0.0,53.82
05-R2590,0.0,65.2
05-R2593,0.0,78.49
05-R2594,0.0,64.8
05-R2596,7.0,73.58
05-R2603,2.0,64.23
05-R2608,0.0,47.05
05-R2609,0.0,87.14
05-R2610,5.0,59.37
05-R2617,0.0,51.97
05-R2622,5.0,52.0
05-R2623,0.0,50.17
05-R2636,2.0,56.31
05-R2652,2.0,77.58
05-R2672,0.0,52.8
05-R2673,12.0,53.37
05-R2675,10.0,58.97
05-R2677,1.0,60.85
05-R2680,0.0,53.25
05-R2681,0.0,67.09
05-R2683,16.0,64.46
05-R2689AA,0.0,2370.71
05-R2691,26.0,88.11
05-R2692,12.0,55.58
05-R2696,0.0,41.98
05-R2701,4.0,50.88
05-R2702,8.0,58.08
05-R2703,4.0,53.29
05-R2707,6.0,56.97
05-R2710,0.0,55.75
05-R2711,19.0,104.43
05-R2712,6.0,74.8
05-R2713,8.0,96.4
05-R2714,2.0,65.25
05-R2716,6.0,74.62
05-R2719,8.0,90.2
05-R2723,6.0,54.66
05-R2727,0.0,51.35
05-R2731,0.0,63.62
05-R2733,5.0,60.89
05-R2739,0.0,83.2
05-R2740,68.0,58.2
05-R2741,5.0,109.43
05-R2742,0.0,0.0
05-R2743,6.0,45.45
05-R2747,5.0,57.37
05-R2752,3.0,63.8
05-R2756,0.0,84.78
05-R2758,0.0,76.29
05-R2761,3.0,58.43
05-R2764,0.0,64.02
05-R2765,4.0,50.88
05-R2766,9.0,59.72
05-R2767,2.0,58.55
05-R2768,17.0,53.51
05-R2770,4.0,64.8
05-R2771,12.0,62.12
05-R2773,12.0,56.31
05-R2776,8.0,48.89
05-R2778,0.0,51.12
05-R2779,10.0,55.38
05-R2780,0.0,58.05
05-R2782,0.0,58.55
05-R2783,0.0,59.68
05-R2784,2.0,52.45
05-R2785,0.0,55.03
05-R2786,4.0,54.29
05-R2788,8.0,51.12
05-R2789,0.0,58.55
05-R2791,0.0,93.94
05-R2792,0.0,73.88
05-R2793,6.0,77.26
05-R2795,0.0,64.37
05-R2796,0.0,119.37
05-R2798,4.0,68.32
05-R2802,0.0,65.82
05-R2805,0.0,71.49
05-R2806,6.0,56.18
05-R2807,41.0,72.31
05-R2808,0.0,61.42
05-R2813,0.0,65.97
05-R2816,100.0,92.31
05-R2817,24.0,56.09
05-R2818,0.0,75.25
05-R2820,0.0,52.97
05-R2822,0.0,50.42
05-R2827,0.0,54.42
05-R2828,0.0,82.98
05-R2830,0.0,67.05
05-R2831,8.0,54.42
05-R2837,3.0,61.65
05-R2838,2.0,64.2
05-R2839,2.0,65.65
05-R2842,0.0,53.2
05-R2850,0.0,58.65
05-R2852,0.0,62.09
05-R2853,0.0,76.57
05-R2854,0.0,69.95
05-R2855,0.0,67.6
05-R2856,3.0,66.83
05-R2857,11.0,141.82
05-R2859,0.0,57.37
05-R2861,0.0,66.83
05-R2864,4.0,55.34
05-R2868,6.0,61.82
05-R2873,10.0,49.46
05-R2875,0.0,83.38
05-R2878,0.0,83.25
05-R2879,11.0,64.98
05-R2881,2.0,68.74
05-R2882,7.0,59.05
05-R2883,0.0,64.08
05-R2884,0.0,0.0
05-R2886,6.0,103.71
05-R2887,18.0,110.09
05-R2890,18.0,39.98
05-R2892,0.0,52.62
05-R2893,0.0,69.18
05-R2894,4.0,44.49
05-R2896,0.0,50.82
05-R2897,1.0,59.32
05-R2898,0.0,83.91
05-R2908,0.0,78.65
05-R2909,4.0,90.2
05-R2911,0.0,57.37
05-R2912,0.0,121.23
05-R2916,6.0,56.77
05-R2917,162.0,53.72
05-R2918,0.0,56.06
05-R2920,0.0,53.82
05-R2922,40.0,45.45
05-R2923,0.0,49.85
05-R2925,6.0,62.92
05-R2928,9.0,50.25
05-R2929,0.0,54.26
05-R2933,2.0,61.65
05-R2935,4.0,121.23
05-R2936,6.0,50.42
05-R2937,34.0,60.8
05-R2938,0.0,70.26
05-R2939,9.0,54.35
05-R2941,0.0,56.54
05-R2947,4.0,150.68
05-R2948,0.0,144.88
05-R2951,0.0,45.49
05-R2953,0.0,104.68
05-R2954,5.0,53.65
05-R2955,4.0,45.49
05-R2957,56.0,53.72
05-R2959,0.0,64.95
05-R2960,0.0,59.72
05-R2962,0.0,78.65
05-R2968,26.0,48.09
05-R2971,10.0,64.46
05-R2973,0.0,52.22
05-R2975,1.0,63.66
05-R2976,2.0,98.45
05-R2977,10.0,105.4
05-R2978,1.0,56.31
05-R2979,0.0,46.78
05-R2980,10.0,58.34
05-R2981,14.0,46.15
05-R2984,0.0,81.02
05-R2986,0.0,73.31
05-R2988,42.0,45.75
05-R2989,0.0,54.34
05-R2990,0.0,51.6
05-R2992,0.0,89.71
05-R2993,5.0,73.92
05-R2995,48.0,49.06
05-R2998,4.0,44.75
05-R314,5.0,53.89
05-R453,3.0,67.82
05-R50,0.0,73.75
05-R539,1.0,50.82
05-R556,0.0,92.85
05-R618,0.0,62.85
05-R622,16.0,69.45
05-R681,0.0,62.26
05-R705,0.0,67.35
05-R856,0.0,72.46
05-R870,0.0,48.02
05-R886,0.0,44.31
05-R897,0.0,54.51
05-R924,4.0,66.83
05-R945,0.0,58.78
05-R951,0.0,63.68
05-R981,5.0,73.92
06-C30002,3.0,42.48
06-C30003,2.0,49.25
06-C30004,4.0,44.71
06-C30005,0.0,61.05
06-C30006,8.0,67.4
06-C30007,19.0,36.35
06-C30008,118.0,38.46
06-C30009,12.0,46.97
06-C30011,16.0,51.51
06-C30013,6.0,45.48
06-C30014,6.0,58.32
06-C30016,7.0,44.82
06-C30017,10.0,48.11
06-C30019,4.0,52.88
06-C30020,17.0,56.28
06-C30021,3.0,40.29
06-C30022,18.0,48.35
06-C30023,2.0,53.08
06-C30024,6.0,40.62
06-C30025,16.0,36.78
06-C30026,26.0,41.89
06-C30027,4.0,45.83
06-C30028,7.0,65.82
06-C30029,13.0,49.69
06-C3003,2.0,48.22
06-C30030,1.0,44.71
06-C30031,12.0,52.54
06-C30032,7.0,53.45
06-C30033,14.0,41.03
06-C30034,8.0,58.32
06-C30035,10.0,44.38
06-C30036,11.0,56.28
06-C30037,7.0,46.14
06-C30038,20.0,50.97
06-C30039,10.0,44.58
06-C3004,0.0,57.95
06-C30040,10.0,49.25
06-C30041,2.0,55.09
06-C30042,18.0,46.97
06-C30043,6.0,50.45
06-C30044,3.0,49.45
06-C30045,9.0,38.4
06-C30046,16.0,46.97
06-C30047,2.0,54.94
06-C30048,6.0,42.03
06-C30049,10.0,44.23
06-C3005,0.0,51.51
06-C30050,8.0,34.94
06-C30051,2.0,46.97
06-C30052,6.0,48.52
06-C30053,16.0,47.97
06-C30054,0.0,50.31
06-C30057,6.0,44.97
06-C30058,8.0,45.48
06-C30059,2.0,50.49
06-C30060,4.0,58.66
06-C30061,23.0,69.22
06-C30062,2.0,47.45
06-C30063,25.0,42.66
06-C30064,10.0,45.29
06-C30065,18.0,38.57
06-C30066,6.0,39.08
06-C30067,0.0,0.0
06-C30068,10.0,51.31
06-C30069,0.0,46.97
06-C30070,4.0,54.92
06-C30071,12.0,39.09
06-C30072,5.0,45.71
06-C30073,8.0,46.83
06-C30075,12.0,42.48
06-C30076,2.0,52.71
06-C30077,6.0,41.57
06-C30078,5.0,51.51
06-C30079,3.0,53.54
06-C3008,2.0,47.26
06-C30080,19.0,50.69
06-C30081,0.0,45.83
06-C30082,19.0,53.78
06-C30083,0.0,62.25
06-C30084,0.0,50.94
06-C30085,50.0,51.12
06-C30086,4.0,56.85
06-C30087,16.0,48.34
06-C30088,8.0,53.08
06-C30089,61.0,51.51
06-C30090,6.0,51.51
06-C30091,14.0,58.66
06-C30092,24.0,45.83
06-C30093,20.0,38.4
06-C30094,22.0,51.51
06-C30095,6.0,42.86
06-C30096,5.0,48.78
06-C30097,38.0,58.66
06-C30099,21.0,38.6
06-C30100,4.0,38.78
06-C30101,15.0,52.54
06-C30102,10.0,38.57
06-C30103,8.0,46.58
06-C30104,12.0,47.43
06-C30106,13.0,41.32
06-C30107,8.0,57.86
06-C30108,4.0,51.02
06-C30109,12.0,42.82
06-C3011,2.0,57.48
06-C30110,6.0,43.37
06-C30111,20.0,53.78
06-C30112,4.0,44.54
06-C30113,4.0,46.45
06-C30114,13.0,42.18
06-C30115,5.0,61.92
06-C30116,8.0,47.38
06-C30118,12.0,45.57
06-C30119,47.0,47.06
06-C30121,0.0,39.22
06-C30122,50.0,40.38
06-C30125,5.0,56.05
06-C30127,14.0,46.0
06-C30128,5.0,52.92
06-C30129,12.0,76.43
06-C30130,24.0,51.51
06-C30131,20.0,53.78
06-C30132,52.0,46.74
06-C30133,5.0,65.72
06-C30134,5.0,58.32
06-C30135,7.0,47.74
06-C30137,12.0,42.63
06-C30138,3.0,59.86
06-C30139,14.0,52.78
06-C3014,10.0,44.71
06-C30140,4.0,53.78
06-C30141,14.0,49.92
06-C30142,18.0,47.54
06-C30143,39.0,52.35
06-C30144,0.0,52.65
06-C30145,8.0,60.06
06-C30146,9.0,40.66
06-C30147,14.0,53.78
06-C30148,4.0,61.09
06-C30149,0.0,53.85
06-C30150,6.0,45.77
06-C30151,6.0,47.77
06-C30153,19.0,46.02
06-C30155,28.0,47.62
06-C30157,6.0,48.02
06-C3016,2.0,49.25
06-C30160,0.0,0.0
06-C30162,32.0,49.91
06-C30163,0.0,41.14
06-C30164,7.0,46.74
06-C30165,18.0,54.31
06-C30166,22.0,45.4
06-C30167,6.0,62.86
06-C30169,6.0,54.62
06-C30170,0.0,55.26
06-C30171,58.0,57.66
06-C30172,32.0,44.52
06-C30173,6.0,45.43
06-C30174,28.0,41.55
06-C30175,8.0,51.2
06-C30176,15.0,54.89
06-C30177,18.0,57.05
06-C30178,0.0,51.83
06-C30179,2.0,38.89
06-C30180,2.0,42.51
06-C30182,6.0,42.86
06-C30183,20.0,62.4
06-C30184,0.0,46.09
06-C30185,21.0,47.49
06-C30186,0.0,0.0
06-C30188,0.0,43.68
06-C30189,24.0,43.11
06-C30190,14.0,58.86
06-C30191,6.0,53.06
06-C30192,0.0,56.42
06-C30193,4.0,51.97
06-C30194,0.0,0.0
06-C30196,0.0,44.29
06-C30197,26.0,47.92
06-C30198,24.0,43.71
06-C30199,30.0,48.65
06-C30200,4.0,47.0
06-C30202,7.0,62.86
06-C30203,6.0,52.69
06-C30204,0.0,0.0
06-C30205,0.0,0.0
06-C30206,7.0,50.55
06-C30207,0.0,44.68
06-C30208,15.0,53.42
06-C30209,2.0,46.11
06-C30210,8.0,60.98
06-C30211,0.0,55.51
06-C30212,0.0,50.38
06-C30213,46.0,55.75
06-C30214,14.0,56.08
06-C30215,4.0,42.55
06-C30216,0.0,52.88
06-C30218,7.0,54.98
06-C30219,6.0,51.77
06-C30220,0.0,41.08
06-C30222,12.0,45.77
06-C30223,12.0,46.83
06-C30224,12.0,56.26
06-C30226,12.0,61.18
06-C30227,0.0,56.05
06-C30228,8.0,51.83
06-C30229,12.0,53.37
06-C3023,0.0,51.03
06-C30230,34.0,57.37
06-C30231,12.0,61.75
06-C30232,7.0,56.86
06-C30233,11.0,62.86
06-C30234,3.0,58.32
06-C30235,0.0,51.22
06-C30237,0.0,0.0
06-C30238,12.0,42.28
06-C3024,1.0,51.51
06-C30240,5.0,58.32
06-C30241,7.0,58.32
06-C30243,0.0,68.58
06-C30244,0.0,36.54
06-C30245,8.0,23.65
06-C30246,12.0,25.97
06-C30248,0.0,54.51
06-C30249,12.0,46.11
06-C30250,8.0,42.89
06-C30252,16.0,43.91
06-C30254,12.0,51.45
06-C30255,0.0,47.38
06-C30256,2.0,46.52
06-C30257,8.0,44.63
06-C30258,8.0,46.11
06-C30259,0.0,51.83
06-C3026,4.0,46.29
06-C30261,0.0,0.0
06-C30262,10.0,47.74
06-C30263,0.0,59.48
06-C30264,13.0,53.85
06-C30265,0.0,0.0
06-C30266,0.0,0.0
06-C30267,0.0,60.06
06-C30268,0.0,0.0
06-C30269,0.0,0.0
06-C3027,0.0,56.42
06-C30272,0.0,0.0
06-C30273,0.0,44.75
06-C30274,0.0,0.0
06-C30275,0.0,0.0
06-C30277,0.0,0.0
06-C30278,0.0,0.0
06-C30279,0.0,58.32
06-C30280,0.0,48.65
06-C30281,12.0,44.02
06-C30285,6.0,42.32
06-C30288,10.0,39.75
06-C30289,0.0,44.32
06-C3029,0.0,40.8
06-C30290,0.0,61.18
06-C30298,0.0,0.0
06-C3030,6.0,48.78
06-C30300,0.0,48.38
06-C30301,0.0,46.88
06-C30302,0.0,0.0
06-C30308,0.0,44.97
06-C30310,0.0,63.62
06-C30314,0.0,0.0
06-C30315,0.0,0.0
06-C30316,0.0,0.0
06-C30317,0.0,0.0
06-C3033,0.0,40.94
06-C30338,0.0,0.0
06-C3034,5.0,48.65
06-C3039,0.0,45.83
06-C3042,10.0,45.57
06-C3045,0.0,56.05
06-C3048,0.0,41.98
06-C3052,14.0,47.45
06-C3053,0.0,51.51
06-C3054,10.0,47.95
06-C3055,0.0,48.91
06-C3056,16.0,42.18
06-C3057,0.0,45.83
06-C3058,1.0,39.42
06-C3060,0.0,40.17
06-C3061,3.0,48.11
06-C3063,1.0,46.97
06-C3066,4.0,50.34
06-C3070,2.0,50.78
06-C3074,2.0,46.97
06-C3076,4.0,45.52
06-C3077,2.0,44.71
06-C3079,0.0,43.57
06-C3082,6.0,39.34
06-C3084,14.0,46.74
06-C3085,16.0,44.4
06-C3086,2.0,39.6
06-C3089,0.0,40.94
06-C3092,0.0,48.11
06-C3093,0.0,41.29
06-C3094,6.0,45.11
06-C3099,2.0,49.25
06-C3100,1.0,48.11
06-C3101,2.0,46.82
06-C3105,1.0,45.43
06-C3109,3.0,46.97
06-C3110,4.0,53.37
06-C3112,6.0,42.43
06-C3116,4.0,44.71
06-C3119,4.0,44.71
06-C3152,19.0,46.48
06-C3159,3.0,55.09
06-C3171,9.0,37.89
06-C3220,1.0,51.51
06-C3237,12.0,53.28
06-C3238,6.0,49.11
06-C3239,7.0,55.71
06-C3240,0.0,46.74
06-C3246,14.0,51.98
06-C3247,11.0,46.97
06-C3248,22.0,44.71
06-C3249,0.0,44.71
06-C3253,8.0,51.88
06-C3254,4.0,36.31
06-C3255,7.0,44.05
06-C3257,8.0,44.37
06-C3261,0.0,50.82
06-C3263,4.0,41.52
06-C3265,14.0,50.46
06-C3267,4.0,42.43
06-C3268,24.0,48.72
06-C3269,0.0,61.0
06-C3278,12.0,51.51
06-C3279,2.0,41.48
06-C3281,2.0,53.46
06-C3282,19.0,49.12
06-C3284,6.0,49.12
06-C3287,6.0,49.25
06-C3289,7.0,40.85
06-C3290,1.0,53.78
06-C3294,0.0,51.51
06-C3295,8.0,44.71
06-C3296,6.0,43.57
06-C3297,6.0,49.25
06-C3298,2.0,45.91
06-C3299,1.0,46.97
06-C3300,9.0,41.98
06-C3304,3.0,49.25
06-C3314,2.0,44.58
06-C3320,4.0,51.97
06-C3323,4.0,45.32
06-C3331,7.0,57.48
06-C3343,4.0,46.74
06-C3347,3.0,46.97
06-C3348,0.0,54.32
06-C3349,8.0,53.78
06-C3360,2.0,45.23
06-C3362,14.0,45.83
06-C3377,4.0,53.78
06-C3378,3.0,45.57
06-C3379,4.0,49.25
06-C3381,2.0,44.71
06-C3383,4.0,53.78
06-C3384,0.0,39.75
06-C3386,6.0,47.95
06-C3390,2.0,48.17
06-C3391,6.0,42.43
06-C3392,4.0,41.63
06-C3393,12.0,51.17
06-C3395,3.0,51.51
06-C3396,0.0,45.57
06-C3397,1.0,46.69
06-C3398,8.0,49.25
06-C3399,4.0,40.22
06-C3420,4.0,53.78
06-C3422,1.0,53.78
06-C3424,0.0,48.17
06-C3431,0.0,53.78
06-C3438,0.0,37.89
06-C3443,12.0,49.12
06-C3444,9.0,62.14
06-C3445,4.0,43.23
06-C3457,8.0,47.34
06-C3462,10.0,42.43
06-C3467,5.0,48.91
06-C3468,14.0,49.25
06-C3474,1.0,48.2
06-C3478,0.0,56.05
06-C3480,0.0,56.05
06-C3481,0.0,50.83
06-C3490,0.0,49.25
06-C3491,10.0,53.89
06-C3493,12.0,45.05
06-C3500,0.0,57.18
06-C3506,13.0,47.97
06-C3513,6.0,46.52
06-C3519,0.0,58.32
06-C3523,6.0,44.52
06-C3525,54.0,46.54
06-C3557,4.0,64.49
06-C3569,6.0,46.74
06-C3571,0.0,43.54
06-C3575,14.0,44.71
06-C3576,0.0,51.51
06-C3578,4.0,53.78
06-C3579,9.0,58.32
06-C3580,0.0,42.43
06-C3581,0.0,61.05
06-C3582,16.0,44.18
06-C3585,7.0,54.92
06-C3586,22.0,44.4
06-C3587,5.0,44.71
06-C3589,5.0,50.06
06-C3590,9.0,42.55
06-C3591,14.0,44.71
06-C3592,14.0,45.82
06-C3593,8.0,44.25
06-C3594,8.0,41.98
06-C3595,0.0,61.77
06-C3596,5.0,42.43
06-C3598,10.0,52.71
06-C3599,0.0,46.26
06-C3600,8.0,54.88
06-C3613,0.0,53.78
06-C3618,28.0,52.42
06-C3628,6.0,43.85
06-C3630,0.0,61.05
06-C3635,0.0,46.97
06-C3639,24.0,46.74
06-C3643,4.0,53.17
06-C3644,10.0,52.71
06-C3649,40.0,46.06
06-C3656,3.0,49.25
06-C3657,11.0,50.46
06-C3658,0.0,51.51
06-C3664,3.0,45.54
06-C3666,5.0,47.52
06-C3668,0.0,56.05
06-C3669,8.0,42.89
06-C3672,3.0,58.32
06-C3674,0.0,53.88
06-C3678,4.0,55.4
06-C3680,6.0,42.08
06-C3682,1.0,51.51
06-C3684,6.0,53.78
06-C3686,28.0,38.18
06-C3687,4.0,49.25
06-C3688,2.0,48.95
06-C3689,0.0,36.54
06-C3690,4.0,51.51
06-C3691,1.0,49.98
06-C3692,2.0,44.71
06-C3693,0.0,45.25
06-C3695,0.0,53.78
06-C3733,2.0,52.11
06-C3737,8.0,56.05
06-C3738,4.0,47.4
06-C3739,3.0,40.51
06-C3746,16.0,62.4
06-C3747,6.0,48.78
06-C3753,5.0,52.89
06-C3760,3.0,58.32
06-C3761,3.0,53.78
06-C3762,3.0,40.8
06-C3765,3.0,34.94
06-C3766,7.0,42.66
06-C3767,2.0,45.58
06-C3768,3.0,46.74
06-C3771,6.0,53.78
06-C3772,0.0,53.22
06-C3773,0.0,47.63
06-C3774,4.0,50.38
06-C3775,8.0,51.06
06-C3776,0.0,53.58
06-C3777,0.0,44.14
06-C3782,30.0,49.25
06-C3783,1.0,44.18
06-C3784,0.0,46.97
06-C3785,8.0,41.0
06-C3786,7.0,44.4
06-C3787,0.0,47.48
06-C3788,0.0,49.25
06-C3789,20.0,50.78
06-C3790,4.0,46.97
06-C3791,9.0,42.42
06-C3792,4.0,61.05
06-C3794,78.0,43.72
06-C3795,0.0,45.78
06-C3797,0.0,52.83
06-C3798,0.0,40.0
06-C3799,6.0,51.63
06-C3802,8.0,53.78
06-C3862,4.0,49.25
06-C3863,2.0,51.51
06-C3864,0.0,43.05
06-C3865,6.0,53.78
06-C3866,4.0,50.38
06-C3867,5.0,51.51
06-C3868,2.0,43.09
06-C3869,6.0,49.74
06-C3870,48.0,60.58
06-C3872,0.0,56.28
06-C3875,0.0,52.63
06-C3876,0.0,46.58
06-C3877,10.0,43.18
06-C3878,0.0,58.32
06-C3881,7.0,49.25
06-C3882,9.0,48.58
06-C3884,2.0,40.69
06-C3885,8.0,39.66
06-C3886,0.0,67.4
06-C3887,16.0,51.51
06-C3888,0.0,45.83
06-C3889,6.0,41.51
06-C3890,0.0,43.11
06-C3891,0.0,43.68
06-C3892,10.0,55.12
06-C3893,0.0,46.26
06-C3894,6.0,59.46
06-C3895,6.0,61.05
06-C3896,0.0,49.25
06-C3897,14.0,61.52
06-C3899,4.0,44.63
06-C3911,0.0,62.49
06-C3936,0.0,51.51
06-C3937,2.0,48.78
06-C3942,0.0,51.51
06-C3944,6.0,49.92
06-C3946,0.0,44.71
06-C3948,28.0,63.43
06-C3949,10.0,50.2
06-C3965,26.0,38.57
06-C3967,40.0,43.91
06-C3968,0.0,37.46
06-C3975,10.0,44.71
06-C3976,15.0,46.97
06-C3977,0.0,46.88
06-C3978,0.0,51.51
06-C3979,4.0,39.71
06-C3981,20.0,43.37
06-C3982,12.0,59.46
06-C3983,0.0,50.38
06-C3985,13.0,48.31
06-C3986,6.0,39.6
06-C3987,8.0,42.2
06-C3989,3.0,36.02
06-C3990,0.0,84.91
06-C3992,5.0,60.46
06-C3993,0.0,44.71
06-C3995,94.0,48.91
06-C3996,1.0,49.25
06-C3997,15.0,47.54
06-C3998,0.0,58.32
06-C4011,8.0,53.78
06-C4055,15.0,46.09
06-C4063,9.0,42.86
06-C4066,5.0,48.69
06-C4069,0.0,51.51
06-C4083,3.0,45.38
06-C4084,0.0,39.6
06-C4097,4.0,45.83
06-C4102,8.0,46.97
06-C4103,2.0,44.71
06-C4104,11.0,49.02
06-C4106,2.0,47.63
06-C4115,6.0,53.78
06-C4117,4.0,50.38
06-C4119,6.0,52.6
06-C4120,4.0,51.51
06-C4127,1.0,51.51
06-C4128,26.0,51.46
06-C4137,0.0,59.82
06-C4145,2.0,44.71
06-C4152,0.0,56.35
06-C4153,9.0,76.48
06-C4165,42.0,40.22
06-C4184,10.0,40.17
06-C4189,0.0,46.52
06-C4192,0.0,47.0
06-C4201,0.0,56.32
06-C4211,26.0,37.78
06-C4214,6.0,49.97
06-C4222,4.0,51.45
06-C4224,0.0,59.8
06-C4226,4.0,48.11
06-C4227,16.0,45.45
06-C4229,2.0,49.25
06-C4230,10.0,39.31
06-C4232,10.0,48.78
06-C4233,6.0,51.51
06-C4238,4.0,85.31
06-C4239,13.0,48.11
06-C4240,2.0,53.28
06-C4241,7.0,59.77
06-C4242,0.0,51.51
06-C4243,0.0,46.74
06-C4246,0.0,43.57
06-C4250,0.0,40.17
06-C4252,1.0,37.98
06-C4253,0.0,62.29
06-C4254,15.0,46.97
06-C4258,0.0,44.37
06-C4277,20.0,59.51
06-C4279,2.0,64.0
06-C4280,0.0,53.78
06-C4282,3.0,53.37
06-C4283,32.0,55.09
06-C4284,0.0,74.23
06-C4291,0.0,46.97
06-C4293,0.0,44.2
06-C4295,0.0,43.18
06-C4298,0.0,71.94
06-C4299,4.0,46.97
06-C4302,2.0,39.17
06-C4307,8.0,43.14
06-C4326,0.0,55.17
06-C4331,2.0,44.82
06-C4338,0.0,53.62
06-C4352,0.0,54.8
06-C4361,12.0,51.29
06-C4368,3.0,51.51
06-C4369,0.0,52.69
06-C4389,4.0,58.66
06-C4392,0.0,67.4
06-C4402,8.0,44.71
06-C4412,0.0,47.26
06-C4421,0.0,67.4
06-C4423,5.0,47.43
06-C4429,0.0,50.88
06-C4430,10.0,59.86
06-C4431,0.0,46.52
06-C4432,0.0,54.55
06-C4433,0.0,56.28
06-C4436,0.0,58.66
06-C4437,1.0,43.32
06-C4438,26.0,42.77
06-C4439,14.0,58.32
06-C4440,4.0,49.25
06-C4441,5.0,46.97
06-C4442,7.0,51.49
06-C4445,60.0,51.29
06-C4448,0.0,58.32
06-C4454,8.0,38.57
06-C4459,24.0,49.15
06-C4462,0.0,44.02
06-C4463,0.0,48.11
06-C4469,0.0,46.62
06-C4480,2.0,49.34
06-C4487,0.0,49.34
06-C4501,0.0,49.0
06-C4503,0.0,46.97
06-C4513,0.0,36.54
06-C4516,4.0,58.94
06-C4519,13.0,51.06
06-C4531,21.0,53.78
06-C4536,0.0,58.66
06-C4537,34.0,52.11
06-C4544,6.0,42.28
06-C4560,0.0,41.57
06-C4570,2.0,52.02
06-C4614,0.0,42.29
06-C4620,2.0,49.77
06-C4627,6.0,40.18
06-C4678,0.0,46.74
06-C4682,2.0,41.29
06-C4688,12.0,49.03
06-C4689,90.0,52.03
06-C4695,4.0,43.57
06-C4699,4.0,53.28
06-C4702,10.0,40.17
06-C4704,4.0,53.69
06-C4707,4.0,57.09
06-C4709,5.0,49.25
06-C4715,5.0,45.83
06-C4718,0.0,42.57
06-C4719,5.0,54.98
06-C4720,6.0,41.91
06-C4722,7.0,55.09
06-C4724,6.0,52.8
06-C4727,6.0,58.14
06-C4739,2.0,53.42
06-C4740,4.0,49.94
06-C4741,0.0,58.66
06-C4742,20.0,45.02
06-C4744,0.0,40.55
06-C4757,4.0,42.43
06-C4759,12.0,42.43
06-C4761,3.0,53.06
06-C4762,4.0,41.0
06-C4763,0.0,49.02
06-C4765,4.0,58.37
06-C4768,0.0,55.94
06-C4779,2.0,44.54
06-C4801,1.0,34.45
06-C4806,2.0,50.6
06-C4814,4.0,50.83
06-C4821,12.0,51.51
06-C4826,2.0,46.74
06-C4837,0.0,37.52
06-C4838,2.0,51.29
06-C4839,4.0,40.8
06-C4879,4.0,45.57
06-C4882,10.0,45.02
06-C4883,37.0,43.89
06-C4888,0.0,38.35
06-C4890,0.0,48.58
06-C4891,0.0,36.54
06-C4892,0.0,61.72
06-C4893,0.0,48.11
06-C4895,2.0,41.98
06-C4897,0.0,46.63
06-C4898,2.0,40.17
06-C4899,60.0,41.63
06-C4900,2.0,34.83
06-C4902,0.0,0.0
06-C4903,5.0,57.46
06-C4904,10.0,44.88
06-C4907,8.0,45.71
06-C4912,0.0,48.11
06-C4914,8.0,42.82
06-C4917,5.0,42.28
06-C4918,0.0,50.38
06-C4919,3.0,47.02
06-C4920,15.0,42.43
06-C4925,6.0,41.98
06-C4929,4.0,42.43
06-C4930,0.0,46.74
06-C4931,12.0,47.95
06-C4933,0.0,41.51
06-C4938,2.0,41.68
06-C4945,4.0,51.51
06-C4949,2.0,45.02
06-C4950,0.0,52.97
06-C4951,6.0,49.06
06-C4953,0.0,45.23
06-C4954,2.0,46.26
06-C4956,0.0,61.86
06-C4957,16.0,48.95
06-C4958,0.0,50.38
06-C4959,0.0,47.48
06-C4965,0.0,45.83
06-C4966,0.0,37.89
06-C4975,4.0,46.74
06-C4977,10.0,33.97
06-C4978,3.0,43.82
06-C4980,2.0,41.98
06-C4982,0.0,47.86
06-C4983,8.0,40.32
06-C4984,7.0,38.09
06-C4985,6.0,55.09
06-C4986,6.0,48.17
06-C4988,0.0,47.95
06-C4994,4.0,43.54
06-C4997,20.0,52.78
07-AC3020100,0.0,45.94
07-AC3113106,0.0,57.03
07-AC3113107,13.0,39.46
07-AC3113109,0.0,41.19
07-AC3113111,0.0,46.07
07-AC3113112,0.0,0.0
07-AC3113114,0.0,41.43
07-AC3113115,12.0,44.37
07-AC3113116,0.0,42.13
07-AC3113117,0.0,39.59
07-AC3113118,0.0,0.0
07-AC3113120,0.0,47.54
07-AC3113121,0.0,46.66
07-AC3113122,0.0,46.07
07-AC3115109,7.0,41.49
07-AC3115114,5.0,41.19
07-AC3115115,0.0,51.13
07-AC3115117,6.0,38.94
07-AC3115120,0.0,48.81
07-AC3115121,4.0,39.59
07-AC3115122,0.0,0.0
07-AC3115124,0.0,37.09
07-AC3115125,0.0,45.3
07-AC3115126,0.0,0.0
07-AC3115127,0.0,42.13
07-AC3115129,0.0,47.54
07-AC3115130,0.0,37.86
07-AC3115131,0.0,0.0
07-AC3117102,0.0,0.0
07-AR3115100,0.0,0.0
07-AR3115101,0.0,0.0
07-AU3115107,2.0,95.99
07-AU3115108,0.0,99.49
07-AU3115111,0.0,0.0
07-AU3115112,0.0,0.0
07-AU3115113,0.0,96.77
07-AU3115115,0.0,0.0
07-AU3115116,0.0,108.77
07-AU3115117,0.0,133.54
07-AU3115119,0.0,383.89
07-AU3115120,0.0,0.0
07-AU3115122,0.0,318.11
07-AU3117105,0.0,0.0
07-BM3020100,0.0,117.9
07-BM3020101,0.0,0.0
07-BM3020102,0.0,121.56
07-BM3020103,0.0,0.0
07-BM3110105,0.0,0.0
07-BM3113103,0.0,0.0
07-BM3113105,0.0,0.0
07-BM3113106,0.0,65.2
07-BM3113109,0.0,116.07
07-BM3113110,0.0,93.58
07-BM3113111,0.0,0.0
07-BM3115107,0.0,223.86
07-BM3115108,0.0,101.03
07-BM3115109,0.0,164.76
07-BM3115111,0.0,0.0
07-BM3115112,0.0,178.49
07-BM3115114,4.0,239.09
07-BM3115116,0.0,223.86
07-BM3115117,0.0,0.0
07-BM3115118,0.0,238.47
07-BM3115119,0.0,0.0
07-BM3115120,0.0,260.39
07-BM3115123,0.0,203.69
07-BM3115124,0.0,181.94
07-BM3115125,0.0,0.0
07-BM3115126,0.0,0.0
07-BM3115128,0.0,0.0
07-BM3115129,0.0,181.94
07-BM3115130,0.0,0.0
07-BM3115132,0.0,0.0
07-BM3115133,0.0,187.69
07-BM3115134,0.0,0.0
07-BM3115135,0.0,0.0
07-BM3115136,0.0,0.0
07-BM3115141,0.0,0.0
07-BM3117100,0.0,0.0
07-BM3117101,0.0,196.46
07-BM3120100,0.0,0.0
07-CH3112101,3.0,38.67
07-CH3112110,0.0,52.87
07-CH3113103,12.0,45.56
07-CH3113105,0.0,63.41
07-CH3115103,0.0,74.53
07-CH3115104,3.0,74.06
07-CH3115106,0.0,39.36
07-CH3115110,0.0,65.61
07-CH3115118,0.0,53.06
07-CH3115119,12.0,44.83
07-CH3115122,0.0,78.09
07-CH3115123,6.0,42.13
07-CH3115132,8.0,73.06
07-CH3115143,0.0,50.04
07-CH3115144,4.0,75.45
07-CH3115145,44.0,74.24
07-CH3115146,0.0,53.06
07-CH3115148,4.0,64.04
07-CH3115152,0.0,73.41
07-CH3115153,19.0,63.1
07-CH3115157,0.0,59.6
07-CH3115159,8.0,68.59
07-CH3115160,4.0,50.31
07-CH3115164,0.0,66.59
07-CH3115166,16.0,65.37
07-CH3115169,4.0,57.69
07-CH3115170,0.0,66.46
07-CH3115173,0.0,56.86
07-CH3115175,0.0,169.06
07-CH3115176,10.0,85.67
07-CH3115177,0.0,127.9
07-CH3115179,0.0,87.87
07-CH3115181,0.0,70.71
07-CH3115184,0.0,78.09
07-CH3115185,10.0,105.76
07-CH3115186,0.0,116.07
07-CH3115187,0.0,218.37
07-CH3115188,0.0,201.06
07-CH3115189,6.0,107.31
07-CH3115190,0.0,0.0
07-CH3115192,0.0,0.0
07-CH3115193,0.0,155.46
07-CH3115194,0.0,0.0
07-CH3115195,0.0,158.09
07-CH3115196,0.0,158.83
07-CH3115198,0.0,0.0
07-CH3115199,0.0,0.0
07-CH3115200,0.0,0.0
07-CH3115202,0.0,0.0
07-CH3115203,0.0,0.0
07-CH3115206,0.0,0.0
07-CH3115209,0.0,0.0
07-CH3115210,0.0,0.0
07-CH3115211,0.0,0.0
07-CH3115212,0.0,0.0
07-CH3115213,0.0,0.0
07-CH3116115,0.0,45.59
07-CH3117102,0.0,58.44
07-CH3117105,0.0,70.51
07-FI3115100,0.0,66.04
07-FI3115101,0.0,0.0
07-FI3115102,36.0,60.23
07-FI3115103,0.0,66.59
07-FI3115104,0.0,0.0
07-FO3112123,0.0,0.0
07-FO3112124,0.0,0.0
07-FO3113108,0.0,49.41
07-FO3115107,0.0,41.76
07-FO3115120,5.0,61.2
07-FO3115121,0.0,74.87
07-FO3115131,0.0,58.66
07-FO3115134,0.0,69.44
07-FO3115143,5.0,86.44
07-FO3115145,0.0,38.64
07-FO3115149,2.0,89.37
07-FO3115152,14.0,70.4
07-FO3115153,9.0,83.2
07-FO3115156,0.0,88.49
07-FO3115157,20.0,92.99
07-FO3115159,0.0,89.33
07-FO3115161,0.0,80.26
07-FO3115167,0.0,82.79
07-FO3115171,0.0,53.06
07-FO3115172,5.0,66.16
07-FO3115173,0.0,0.0
07-FO3115174,0.0,84.7
07-FO3115175,10.0,112.0
07-FO3115176,8.0,90.5
07-FO3115177,17.0,94.24
07-FO3115179,6.0,112.43
07-FO3115180,4.0,91.85
07-FO3115181,0.0,144.5
07-FO3115182,12.0,80.46
07-FO3115183,0.0,84.7
07-FO3115184,0.0,78.26
07-FO3115185,0.0,95.17
07-FO3115186,0.0,47.54
07-FO3115188,0.0,92.06
07-FO3115189,18.0,78.09
07-FO3115190,0.0,118.41
07-FO3115191,0.0,88.51
07-FO3115192,0.0,134.9
07-FO3115194,4.0,45.49
07-FO3115195,0.0,92.03
07-FO3115196,2.0,86.84
07-FO3115197,0.0,90.04
07-FO3115198,4.0,91.67
07-FO3115199,6.0,99.33
07-FO3115201,0.0,93.6
07-FO3115202,10.0,94.16
07-FO3115204,0.0,77.71
07-FO3115205,3.0,88.67
07-FO3115206,6.0,92.9
07-FO3115207,7.0,87.74
07-FO3115208,0.0,93.26
07-FO3115209,0.0,99.73
07-FO3115210,3.0,102.43
07-FO3115211,2.0,93.5
07-FO3115212,0.0,95.43
07-FO3115215,10.0,91.29
07-FO3115216,1.0,88.67
07-FO3115217,0.0,132.36
07-FO3115218,0.0,0.0
07-FO3115219,0.0,0.0
07-FO3115220,0.0,135.3
07-FO3115221,10.0,96.79
07-FO3115222,0.0,132.59
07-FO3115223,0.0,214.73
07-FO3115224,0.0,214.73
07-FO3115225,10.0,65.66
07-FO3115226,0.0,0.0
07-FO3115227,6.0,77.7
07-FO3115228,0.0,145.47
07-FO3115231,0.0,193.31
07-FO3115232,0.0,180.43
07-FO3115233,0.0,0.0
07-FO3115235,0.0,0.0
07-FO3115236,0.0,193.67
07-FO3115237,0.0,127.8
07-FO3115238,0.0,0.0
07-FO3115241,0.0,0.0
07-FO3115243,0.0,0.0
07-FO3115247,0.0,0.0
07-GM3110146,0.0,0.0
07-GM3115105,0.0,73.26
07-GM3115119,1.0,71.94
07-GM3115121,0.0,42.87
07-GM3115122,0.0,74.06
07-GM3115129,8.0,79.54
07-GM3115136,0.0,85.84
07-GM3115176,0.0,58.03
07-GM3115177,0.0,48.49
07-GM3115178,8.0,74.06
07-GM3115179,0.0,46.66
07-GM3115180,0.0,74.24
07-GM3115182,0.0,74.06
07-GM3115187,24.0,74.31
07-GM3115188,0.0,87.5
07-GM3115189,0.0,81.89
07-GM3115200,0.0,50.31
07-GM3115202,0.0,66.59
07-GM3115204,5.0,85.39
07-GM3115208,10.0,75.1
07-GM3115210,0.0,94.96
07-GM3115211,6.0,96.79
07-GM3115212,12.0,96.79
07-GM3115214,0.0,0.0
07-GM3115218,0.0,97.81
07-GM3115219,52.0,92.33
07-GM3115221,0.0,0.0
07-GM3115225,0.0,45.54
07-GM3115226,0.0,84.66
07-GM3115228,0.0,103.06
07-GM3115229,0.0,83.47
07-GM3115230,0.0,103.61
07-GM3115234,6.0,67.51
07-GM3115238,0.0,94.16
07-GM3115239,24.0,64.34
07-GM3115242,0.0,134.26
07-GM3115243,4.0,66.76
07-GM3115244,22.0,67.67
07-GM3115245,0.0,92.41
07-GM3115247,0.0,71.34
07-GM3115249,7.0,85.89
07-GM3115253,0.0,73.7
07-GM3115255,7.0,58.31
07-GM3115256,0.0,95.17
07-GM3115257,0.0,69.91
07-GM3115258,0.0,236.13
07-GM3115263,0.0,66.51
07-GM3115264,0.0,249.41
07-GM3115265,0.0,82.13
07-GM3115266,0.0,0.0
07-GM3115267,0.0,0.0
07-GM3115270,0.0,65.66
07-GM3115271,0.0,60.87
07-GM3115276,0.0,0.0
07-GM3115279,0.0,0.0
07-GM3115282,5.0,90.41
07-GM3115284,0.0,0.0
07-GM3115285,0.0,0.0
07-GM3115287,0.0,0.0
07-GM3115289,0.0,88.47
07-GM3115290,4.0,131.0
07-GM3115291,13.0,200.19
07-GM3115292,0.0,176.29
07-GM3115293,0.0,159.41
07-GM3115294,0.0,94.96
07-GM3115295,0.0,0.0
07-GM3115296,0.0,178.84
07-GM3115299,0.0,0.0
07-GM3115301,0.0,188.06
07-GM3115303,0.0,114.24
07-GM3115304,0.0,187.69
07-GM3115306,0.0,187.69
07-GM3115310,0.0,114.24
07-GM3115312,0.0,0.0
07-GM3115313,0.0,167.51
07-GM3115314,0.0,146.47
07-GM3115315,0.0,181.93
07-GM3115316,0.0,222.29
07-GM3115317,0.0,0.0
07-GM3115318,0.0,0.0
07-GM3115320,0.0,0.0
07-GM3115321,0.0,0.0
07-GM3115327,0.0,0.0
07-GM3115332,0.0,0.0
07-GM3115338,0.0,0.0
07-GM3115341,0.0,0.0
07-GM3115345,0.0,0.0
07-GM3115346,0.0,0.0
07-GM3115348,0.0,0.0
07-GM3115350,0.0,191.63
07-GM3115354,0.0,0.0
07-GM3115357,0.0,0.0
07-GM3116101,0.0,0.0
07-GM3117106,1.0,42.13
07-GM3120101,0.0,0.0
07-GM3120104,0.0,90.04
07-HO3020100,0.0,41.17
07-HO3020101,0.0,39.46
07-HO3110111,0.0,0.0
07-HO3113103,0.0,37.53
07-HO3113105,0.0,41.69
07-HO3113114,0.0,37.53
07-HO3113115,7.0,43.4
07-HO3113116,0.0,39.36
07-HO3113120,0.0,40.81
07-HO3113123,13.0,39.46
07-HO3113124,0.0,38.49
07-HO3113125,0.0,42.13
07-HO3113127,7.0,52.14
07-HO3113128,0.0,40.11
07-HO3113129,0.0,43.23
07-HO3113131,14.0,42.13
07-HO3113132,10.0,40.21
07-HO3113133,0.0,38.84
07-HO3113134,0.0,41.19
07-HO3113135,0.0,41.19
07-HO3113136,0.0,38.23
07-HO3113138,6.0,40.21
07-HO3113139,0.0,39.59
07-HO3113141,0.0,43.91
07-HO3113142,0.0,39.46
07-HO3113143,0.0,42.67
07-HO3113144,0.0,41.19
07-HO3113147,0.0,0.0
07-HO3113150,0.0,43.4
07-HO3113151,0.0,43.33
07-HO3113152,7.0,50.57
07-HO3113154,0.0,50.19
07-HO3113155,0.0,46.07
07-HO3115101,0.0,34.9
07-HO3115103,7.0,36.43
07-HO3115111,0.0,36.4
07-HO3115112,0.0,46.3
07-HO3115113,2.0,40.11
07-HO3115115,0.0,36.61
07-HO3115116,6.0,38.44
07-HO3115120,0.0,42.13
07-HO3115121,8.0,68.3
07-HO3115124,16.0,38.49
07-HO3115125,4.0,38.94
07-HO3115128,4.0,44.37
07-HO3115129,0.0,38.49
07-HO3115133,0.0,38.01
07-HO3115134,0.0,67.11
07-HO3115139,2.0,40.29
07-HO3115140,2.0,45.3
07-HO3115142,8.0,37.53
07-HO3115143,13.0,41.19
07-HO3115145,0.0,38.23
07-HO3115148,0.0,41.71
07-HO3115149,0.0,45.94
07-HO3115150,8.0,39.91
07-HO3115152,10.0,42.13
07-HO3115153,0.0,0.0
07-HO3115155,13.0,41.19
07-HO3115158,13.0,39.59
07-HO3115159,0.0,39.71
07-HO3115160,6.0,42.13
07-HO3115162,0.0,39.59
07-HO3115163,0.0,40.11
07-HO3115164,0.0,38.01
07-HO3115166,0.0,40.21
07-HO3115168,0.0,0.0
07-HO3115169,11.0,39.59
07-HO3115170,0.0,40.11
07-HO3115171,8.0,41.19
07-HO3115172,8.0,40.11
07-HO3115173,0.0,157.86
07-HO3115174,0.0,149.19
07-HO3115175,0.0,0.0
07-HO3115178,0.0,0.0
07-HO3115181,10.0,42.76
07-HO3115183,4.0,48.09
07-HO3115184,0.0,38.23
07-HO3115186,0.0,49.61
07-HO3117100,0.0,38.31
07-HO3117101,10.0,54.89
07-HO3117102,0.0,47.44
07-HO3117106,0.0,38.01
07-HO3120100,0.0,36.21
07-HO3120102,0.0,42.09
07-HO3120105,0.0,38.49
07-HO3120106,0.0,40.86
07-HO3120107,10.0,44.37
07-HY3113102,0.0,36.24
07-HY3113104,0.0,37.53
07-HY3113105,1.0,47.43
07-HY3113111,0.0,0.0
07-HY3113116,0.0,0.0
07-HY3115120,0.0,54.63
07-HY3115121,0.0,0.0
07-HY3115122,0.0,50.83
07-HY3115123,0.0,63.41
07-HY3115124,8.0,63.41
07-HY3115126,0.0,0.0
07-HY3115127,0.0,0.0
07-HY3115128,1.0,0.0
07-HY3115129,0.0,53.97
07-HY3115130,10.0,53.87
07-HY3115133,11.0,55.79
07-HY3115136,0.0,53.87
07-HY3115139,0.0,68.2
07-HY3115141,0.0,59.34
07-HY3115143,6.0,62.47
07-HY3115146,28.0,60.87
07-HY3115147,5.0,61.2
07-HY3115148,0.0,72.03
07-HY3115149,0.0,96.34
07-HY3115150,0.0,98.04
07-HY3115151,0.0,107.41
07-HY3115152,0.0,58.66
07-HY3115153,0.0,76.01
07-HY3115154,0.0,92.47
07-HY3115155,0.0,94.23
07-HY3115156,1.0,62.73
07-HY3115157,4.0,105.59
07-HY3115158,0.0,86.94
07-HY3115159,0.0,0.0
07-HY3115160,0.0,107.06
07-HY3115161,20.0,58.66
07-HY3115162,0.0,67.8
07-HY3115163,3.0,126.94
07-HY3115164,0.0,130.59
07-HY3115165,0.0,62.73
07-HY3115166,0.0,176.56
07-HY3115167,0.0,135.9
07-HY3115168,0.0,127.14
07-HY3115174,0.0,69.6
07-HY3115177,4.0,138.01
07-HY3115180,0.0,0.0
07-HY3115181,0.0,0.0
07-HY3115184,0.0,0.0
07-HY3115186,0.0,0.0
07-HY3117101,0.0,62.06
07-HY3120100,4.0,50.46
07-IN3110103,0.0,0.0
07-IN3115102,0.0,0.0
07-IN3115105,0.0,114.24
07-IN3115108,8.0,112.04
07-IN3115109,2.0,105.11
07-IN3115112,0.0,139.83
07-IN3115113,0.0,96.21
07-IN3115114,0.0,0.0
07-IN3115116,0.0,0.0
07-JA3115101,0.0,0.0
07-JA3115103,0.0,159.41
07-JA3115104,0.0,0.0
07-JA3115110,0.0,0.0
07-KI3115115,0.0,68.03
07-KI3115116,0.0,69.73
07-KI3115117,0.0,51.63
07-KI3115118,6.0,46.76
07-KI3115119,0.0,0.0
07-KI3115120,0.0,0.0
07-KI3115121,0.0,0.0
07-KI3115122,0.0,0.0
07-KI3115123,0.0,69.06
07-KI3115124,0.0,67.37
07-KI3115128,0.0,65.74
07-KI3115129,0.0,64.93
07-KI3115130,0.0,61.74
07-KI3115131,0.0,68.53
07-KI3115132,0.0,44.83
07-KI3115134,0.0,65.2
07-KI3115135,0.0,0.0
07-KI3115136,0.0,65.67
07-KI3115137,0.0,0.0
07-KI3115140,0.0,0.0
07-KI3115145,0.0,64.03
07-KI3115146,0.0,72.96
07-KI3115147,0.0,69.41
07-KI3115148,0.0,95.07
07-KI3115149,0.0,92.03
07-KI3115150,0.0,54.5
07-KI3115151,0.0,89.33
07-KI3115152,0.0,0.0
07-KI3115154,0.0,0.0
07-KI3115155,0.0,54.63
07-KI3115157,0.0,0.0
07-KI3115158,0.0,57.03
07-KI3115159,0.0,161.06
07-KI3115162,0.0,195.24
07-KI3115164,0.0,0.0
07-KI3115166,0.0,0.0
07-KI3120101,0.0,0.0
07-LX3115107,0.0,76.93
07-LX3115108,0.0,90.5
07-LX3115109,6.0,79.54
07-LX3115113,0.0,74.97
07-LX3115120,0.0,0.0
07-LX3115122,0.0,0.0
07-LX3115123,0.0,0.0
07-LX3115125,0.0,0.0
07-LX3115126,0.0,0.0
07-LX3115131,0.0,79.96
07-LX3115132,0.0,93.6
07-LX3115133,0.0,94.96
07-LX3115134,0.0,0.0
07-LX3115135,0.0,0.0
07-LX3115136,0.0,0.0
07-LX3115138,0.0,0.0
07-LX3115141,6.0,98.8
07-LX3115142,0.0,105.04
07-LX3115143,0.0,0.0
07-LX3115145,0.0,0.0
07-LX3115146,0.0,0.0
07-LX3115149,0.0,0.0
07-LX3120101,29.0,72.23
07-LX3120102,0.0,79.54
07-MA3115107,0.0,0.0
07-MA3115109,0.0,41.17
07-MA3115114,0.0,77.11
07-MA3115121,1.0,86.11
07-MA3115126,0.0,0.0
07-MA3115129,15.0,86.11
07-MA3115130,0.0,87.94
07-MA3115137,0.0,92.66
07-MA3115139,4.0,94.51
07-MA3115141,0.0,48.49
07-MA3115144,0.0,90.84
07-MA3115145,0.0,163.0
07-MA3115146,0.0,50.9
07-MA3115147,0.0,0.0
07-MA3115150,0.0,49.4
07-MA3115152,7.0,77.06
07-MA3115153,0.0,0.0
07-MA3115155,0.0,0.0
07-MA3115157,0.0,94.89
07-MA3115158,0.0,103.73
07-MA3115159,0.0,0.0
07-MA3115161,0.0,89.89
07-MA3115162,0.0,82.0
07-MA3115165,0.0,86.6
07-MA3115166,0.0,92.53
07-MA3115167,0.0,0.0
07-MA3115168,0.0,158.9
07-MA3115169,0.0,0.0
07-MA3115170,0.0,64.23
07-MA3115174,0.0,0.0
07-MA3115179,0.0,0.0
07-MB3113100,0.0,133.96
07-MB3115103,0.0,0.0
07-MB3115104,0.0,0.0
07-MB3115116,0.0,181.94
07-MB3115121,0.0,0.0
07-MB3115122,0.0,149.71
07-MB3115124,0.0,242.13
07-MB3115126,0.0,185.17
07-MB3115127,0.0,214.19
07-MB3115129,0.0,0.0
07-MB3115130,0.0,189.39
07-MB3115137,0.0,159.39
07-MB3115140,0.0,0.0
07-MB3115143,0.0,0.0
07-MB3115144,0.0,0.0
07-MB3115146,0.0,139.83
07-MB3115147,0.0,0.0
07-MC3115102,0.0,59.44
07-MC3115103,0.0,61.37
07-MC3115104,8.0,50.31
07-MC3115105,0.0,0.0
07-MC3115108,0.0,0.0
07-MC3117100,0.0,0.0
07-MI3113110,0.0,0.0
07-MI3113111,1.0,40.63
07-MI3113112,0.0,0.0
07-MI3113118,5.0,41.17
07-MI3113122,0.0,0.0
07-MI3115114,0.0,0.0
07-MI3115119,0.0,72.06
07-MI3115120,0.0,83.46
07-MI3115139,2.0,68.2
07-MI3115142,0.0,69.97
07-MI3115144,0.0,69.11
07-MI3115145,0.0,0.0
07-MI3115147,0.0,75.6
07-MI3115148,0.0,90.09
07-MI3115149,0.0,57.41
07-MI3115150,0.0,0.0
07-MI3115152,0.0,0.0
07-MI3115157,0.0,0.0
07-NI3020100,0.0,40.6
07-NI3110111,0.0,0.0
07-NI3110116,0.0,0.0
07-NI3110132,0.0,0.0
07-NI3112105,0.0,0.0
07-NI3113104,0.0,38.73
07-NI3113109,4.0,39.36
07-NI3115115,0.0,0.0
07-NI3115116,4.0,65.57
07-NI3115122,5.0,71.49
07-NI3115123,0.0,69.5
07-NI3115124,2.0,73.14
07-NI3115127,0.0,72.96
07-NI3115130,0.0,43.97
07-NI3115133,0.0,67.87
07-NI3115134,40.0,68.59
07-NI3115135,8.0,53.66
07-NI3115137,16.0,72.79
07-NI3115138,6.0,74.91
07-NI3115139,0.0,72.6
07-NI3115141,0.0,52.73
07-NI3115143,0.0,56.41
07-NI3115145,0.0,131.99
07-NI3115146,14.0,52.14
07-NI3115147,0.0,58.03
07-NI3115148,2.0,49.13
07-NI3115149,14.0,135.96
07-NI3115150,18.0,87.24
07-NI3115152,14.0,86.84
07-NI3115153,0.0,57.87
07-NI3115154,0.0,92.06
07-NI3115157,0.0,0.0
07-NI3115158,0.0,0.0
07-NI3115161,6.0,74.97
07-NI3115162,13.0,66.76
07-NI3115163,12.0,57.91
07-NI3115164,8.0,60.76
07-NI3115166,0.0,134.64
07-NI3115169,0.0,0.0
07-NI3117101,0.0,72.01
07-NI3117102,0.0,102.53
07-NI3120101,0.0,39.36
07-NI3120102,0.0,43.33
07-NI3120103,0.0,51.67
07-PO3115102,0.0,0.0
07-PO3115103,0.0,0.0
07-PO3115104,0.0,0.0
07-RO3115101,0.0,0.0
07-RO3115103,0.0,0.0
07-SC3115101,0.0,77.71
07-SC3115102,0.0,87.94
07-SC3115103,0.0,91.33
07-SC3115104,0.0,0.0
07-SC3115107,0.0,58.0
07-SC3115108,0.0,86.84
07-SU3113111,0.0,43.4
07-SU3113114,0.0,47.64
07-SU3115115,0.0,45.36
07-SU3115116,0.0,44.7
07-SU3115119,0.0,45.1
07-SU3115120,0.0,40.86
07-SU3115122,0.0,47.37
07-SU3115124,0.0,54.31
07-SU3115125,0.0,89.59
07-SU3115127,24.0,41.19
07-SU3115130,0.0,82.84
07-SU3115132,0.0,85.97
07-SU3115134,0.0,93.6
07-SU3115135,0.0,84.91
07-SU3115137,0.0,47.7
07-SU3115138,0.0,169.24
07-SU3115139,0.0,89.93
07-SU3115140,0.0,94.91
07-SU3115143,0.0,0.0
07-SZ3113101,0.0,58.9
07-SZ3113109,0.0,0.0
07-SZ3115104,0.0,47.54
07-SZ3115105,0.0,61.27
07-SZ3115107,0.0,92.9
07-SZ3115108,0.0,94.47
07-TA3113100,0.0,0.0
07-TA3113101,0.0,0.0
07-TA3115100,0.0,127.3
07-TA3115101,0.0,0.0
07-TO3110103,0.0,0.0
07-TO3110113,0.0,0.0
07-TO3110114,0.0,0.0
07-TO3110119,0.0,0.0
07-TO3110132,0.0,0.0
07-TO3110139,0.0,0.0
07-TO3110153,0.0,0.0
07-TO3110159,0.0,0.0
07-TO3110188,0.0,0.0
07-TO3112103,0.0,22.79
07-TO3112145,0.0,22.79
07-TO3113105,0.0,36.24
07-TO3113118,0.0,39.14
07-TO3113119,0.0,0.0
07-TO3114104,0.0,0.0
07-TO3115102,0.0,36.41
07-TO3115106,0.0,69.77
07-TO3115117,0.0,46.3
07-TO3115119,2.0,45.67
07-TO3115122,10.0,70.4
07-TO3115123,0.0,0.0
07-TO3115125,22.0,48.27
07-TO3115127,8.0,46.84
07-TO3115128,2.0,80.14
07-TO3115135,11.0,74.7
07-TO3115144,0.0,95.67
07-TO3115145,0.0,49.33
07-TO3115150,0.0,88.47
07-TO3115151,6.0,66.94
07-TO3115152,0.0,92.53
07-TO3115153,0.0,0.0
07-TO3115154,0.0,90.49
07-TO3115155,0.0,77.9
07-TO3115156,0.0,53.41
07-TO3115157,0.0,78.09
07-TO3115159,20.0,89.26
07-TO3115161,0.0,0.0
07-TO3115163,0.0,89.99
07-TO3115164,0.0,90.57
07-TO3115166,0.0,87.83
07-TO3115168,0.0,83.13
07-TO3115169,6.0,73.3
07-TO3115170,0.0,67.67
07-TO3115173,14.0,85.01
07-TO3115175,0.0,94.64
07-TO3115177,0.0,84.86
07-TO3115180,0.0,64.21
07-TO3115181,14.0,63.47
07-TO3115183,0.0,101.3
07-TO3115184,0.0,0.0
07-TO3115186,0.0,101.06
07-TO3115187,13.0,77.9
07-TO3115188,12.0,95.86
07-TO3115190,0.0,56.16
07-TO3115191,0.0,83.94
07-TO3115192,0.0,97.0
07-TO3115193,0.0,0.0
07-TO3115194,0.0,0.0
07-TO3115195,0.0,121.27
07-TO3115196,0.0,109.43
07-TO3115198,0.0,91.23
07-TO3115199,0.0,52.99
07-TO3115200,0.0,91.23
07-TO3115201,0.0,0.0
07-TO3115202,0.0,41.71
07-TO3115204,0.0,127.14
07-TO3115206,0.0,131.6
07-TO3115208,0.0,133.9
07-TO3115209,0.0,118.2
07-TO3115210,0.0,129.27
07-TO3115211,0.0,97.81
07-TO3115212,0.0,0.0
07-TO3115214,0.0,145.47
07-TO3115216,0.0,0.0
07-TO3115218,0.0,143.04
07-TO3115219,0.0,87.4
07-TO3115221,0.0,0.0
07-TO3115222,0.0,0.0
07-TO3117101,42.0,66.94
07-TO3117102,4.0,88.47
07-VO3113100,0.0,0.0
07-VO3115111,0.0,79.94
07-VO3115112,0.0,167.96
07-VO3115113,0.0,102.96
07-VO3115114,0.0,0.0
07-VO3115115,0.0,96.39
07-VO3115116,0.0,146.5
07-VO3115117,0.0,0.0
07-VO3115118,0.0,203.69
07-VO3115121,0.0,0.0
07-VO3115122,0.0,0.0
07-VO3115123,0.0,0.0
07-VO3115125,0.0,0.0
07-VW3115101,0.0,86.84
07-VW3115103,1.0,92.33
07-VW3115105,0.0,50.31
07-VW3115108,0.0,0.0
07-VW3115111,0.0,0.0
07-VW3115113,0.0,100.7
07-VW3115114,0.0,100.7
07-VW3115116,0.0,0.0
07-VW3115119,0.0,140.56
07-VW3115121,0.0,269.16
07-VW3115122,0.0,267.83
07-VW3120100,25.0,96.51
08-4401-1110,0.0,39.72
08-4401-1216,0.0,0.0
08-4401-1302,10.0,260.35
08-AC3012100,0.0,0.0
08-AU3012100,2.0,60.77
08-AU3012101,15.0,80.37
08-AU3012102,6.0,67.92
08-AU3012106,0.0,89.68
08-AU3012108,4.0,65.88
08-AU3012109,10.0,67.07
08-AU3012112,0.0,64.83
08-AU3012113,0.0,113.78
08-AU3012115,0.0,97.85
08-BM3012100,5.0,90.2
08-BM3012102,2.0,90.2
08-BM3012103,0.0,101.97
08-BM3012105,0.0,0.0
08-BM3012106,5.0,92.18
08-BM3012107,13.0,114.03
08-BM3012108,4.0,92.34
08-BM3012109,15.0,80.83
08-BM3012116,0.0,0.0
08-BM3012117,0.0,0.0
08-CH3012102,34.0,230.0
08-CH3012103,10.0,119.17
08-CH3012104,0.0,0.0
08-CH3012105,0.0,0.0
08-CH3012106,18.0,64.83
08-CH3012107,3.0,115.32
08-CH3012108,2.0,86.65
08-CH3012109,13.0,82.97
08-CH3012111,0.0,0.0
08-CH3012112,0.0,0.0
08-CH3012114,0.0,0.0
08-FO3012100,0.0,0.0
08-FO3012101,0.0,350.45
08-FO3012102,10.0,88.84
08-FO3012103,0.0,63.55
08-FO3012104,5.0,66.12
08-FO3012105,0.0,142.48
08-FO3012106,0.0,65.98
08-FO3012107,4.0,78.28
08-FO3012108,6.0,86.93
08-FO3012109,4.0,88.17
08-FO3012111,23.0,89.09
08-FO3012112,10.0,95.52
08-FO3012113,0.0,78.42
08-FO3012114,2.0,72.27
08-FO3012115,0.0,114.6
08-FO3012116,0.0,95.17
08-FO3012117,2.0,75.85
08-FO3012118,9.0,78.42
08-FO3012119,0.0,300.3
08-FO3012120,0.0,0.0
08-FO3012121,0.0,0.0
08-FO3012122,0.0,264.55
08-FO3012124,18.0,135.96
08-FO3012125,6.0,108.15
08-FO3012126,2.0,82.77
08-FO3012128,0.0,115.32
08-FO3012129,0.0,105.58
08-FO3012130,0.0,74.57
08-FO3012131,0.0,0.0
08-FO3012132,0.0,82.27
08-FO3012133,0.0,0.0
08-GM3012100,0.0,298.78
08-GM3012101,5.0,74.57
08-GM3012102,0.0,76.12
08-GM3012103,0.0,68.68
08-GM3012104,12.0,76.62
08-GM3012105,11.0,104.03
08-GM3012106,0.0,75.7
08-GM3012107,21.0,62.02
08-GM3012108,0.0,317.7
08-GM3012109,28.0,95.83
08-GM3012110,0.0,90.47
08-GM3012111,6.0,111.02
08-GM3012112,10.0,289.0
08-GM3012116,24.0,103.53
08-GM3012117,0.0,80.98
08-GM3012118,0.0,101.22
08-GM3012119,5.0,74.08
08-GM3012120,0.0,297.53
08-GM3012122,0.0,0.0
08-GM3012123,0.0,80.47
08-GM3012124,0.0,75.28
08-GM3012125,1.0,80.47
08-GM3012126,0.0,0.0
08-GM3012128,0.0,86.1
08-HO3012100,58.0,60.98
08-HO3012101,20.0,60.98
08-HO3012102,86.0,63.03
08-HO3012104,0.0,0.0
08-HY3012101,0.0,0.0
08-HY3012102,2.0,127.05
08-HY3012103,0.0,156.45
08-HY3012104,6.0,123.42
08-HY3012105,0.0,67.92
08-HY3012106,6.0,135.58
08-HY3012107,10.0,90.2
08-HY3012108,0.0,129.7
08-HY3012109,4.0,99.91
08-HY3012110,4.0,76.62
08-HY3012111,0.0,86.1
08-HY3012112,0.0,70.73
08-IN3012100,0.0,78.42
08-KI3012100,0.0,82.27
08-KI3012101,3.0,99.93
08-KI3012102,0.0,0.0
08-KI3012103,0.0,0.0
08-KI3012104,5.0,127.1
08-KI3012105,12.0,144.77
08-KI3012106,0.0,151.13
08-LX3011105,0.0,36.9
08-LX3012100,0.0,96.35
08-MA3012100,49.0,106.22
08-MB3012100,6.0,74.57
08-MB3012102,0.0,66.88
08-MB3012103,4.0,95.1
08-MB3012104,0.0,99.38
08-MB3012105,2.0,70.73
08-MB3012106,5.0,89.68
08-MB3012108,0.0,0.0
08-MB3012111,0.0,0.0
08-MC3012100,5.0,69.5
08-MC3012101,5.0,85.53
08-MI3012100,0.0,0.0
08-MI3012101,0.0,0.0
08-NI3012100,3.0,89.68
08-NI3012101,5.0,96.82
08-NI3012102,0.0,0.0
08-RO3012100,14.0,92.39
08-SB3012101,6.0,83.43
08-VO3012100,6.0,89.68
08-VO3012102,0.0,0.0
08-VO3012103,9.0,102.99
08-VO3012104,5.0,132.58
08-VO3012106,9.0,91.67
08-VO3012107,5.0,74.57
08-VO3012108,2.0,108.25
08-VO3012109,4.0,101.73
08-VW3012100,26.0,86.8
08-VW3012101,0.0,85.62
08-VW3012102,0.0,76.62
08-VW3012104,12.0,68.5
08-VW3012105,0.0,76.62
08-VW3012106,0.0,76.62
08-VW3012108,0.0,0.0
08-VW3012109,7.0,70.18
08-VW3012111,0.0,55.1
08-VW3012112,0.0,0.0
08-VW3012113,0.0,51.25
08-VW3012114,0.0,0.0
08-VW3012115,5.0,90.53
08-VW3012116,0.0,92.0
08-VW3012117,0.0,55.35
09-15833558,0.0,0.0
09-AC4050100,10.0,29.09
09-AC4050101,0.0,0.0
09-AC4050105,12.0,24.67
09-AC4050106,4.0,31.8
09-AC4050107,26.0,28.82
09-AC4050108,4.0,80.0
09-AU4000100,0.0,0.0
09-AU4050100,5.0,33.16
09-AU4050101,10.0,33.16
09-BM4050103,6.0,25.25
09-BM4050104,0.0,135.51
09-CH4050102,28.0,36.55
09-CH4050103,3.0,27.78
09-CH4050104,0.0,31.67
09-CH4050105,0.0,89.75
09-CH4050106,14.0,24.93
09-CH4050107,8.0,27.55
09-CH4050108,3.0,32.98
09-CH4050109,4.0,27.29
09-CH4050110,5.0,70.69
09-CH4050117,2.0,28.91
09-CH4050118,12.0,36.58
09-CH4050119,4.0,65.33
09-CH4050120,30.0,47.58
09-CH4050123,6.0,30.44
09-CH4050124,8.0,40.22
09-CH4050126,4.0,35.25
09-CH4050127,0.0,41.76
09-CH4050132,14.0,66.95
09-CH4050137,6.0,27.44
09-CH4050138,15.0,34.05
09-CH4050139,10.0,32.76
09-CH4050140,14.0,30.67
09-CH4050141,15.0,45.24
09-CH4050142,51.0,45.24
09-CH4050143,4.0,31.27
09-CH4050144,0.0,78.28
09-CH4050145,69.0,24.8
09-CH4050146,0.0,42.62
09-CH4050147,0.0,89.47
09-CH4050148,22.0,35.45
09-CH4050149,12.0,41.2
09-CH4050150,23.0,43.87
09-CH4050151,0.0,35.4
09-CH4050152,18.0,47.6
09-FO4050101,8.0,26.55
09-FO4050102,0.0,32.2
09-FO4050103,0.0,89.77
09-FO4050104,12.0,74.07
09-FO4050105,4.0,37.22
09-FO4050109,5.0,36.47
09-FO4050113,7.0,89.47
09-FO4050114,5.0,32.58
09-FO4050117,4.0,31.47
09-FO4050118,7.0,34.73
09-FO4050119,16.0,30.33
09-FO4050121,3.0,35.13
09-FO4050122,6.0,25.42
09-FO4050123,6.0,30.33
09-FO4050124,7.0,29.93
09-FO4050125,8.0,37.6
09-FO4050126,4.0,23.45
09-FO4050128,0.0,85.98
09-FO4050131,0.0,76.05
09-FO4050132,0.0,0.0
09-FO4050137,0.0,78.47
09-FO4050138,4.0,59.96
09-FO4050147,4.0,41.87
09-FO4050148,9.0,89.61
09-FO4050149,2.0,38.64
09-FO4050152,6.0,38.22
09-FO4050153,8.0,39.31
09-FO4050154,4.0,60.36
09-FO4050155,0.0,32.02
09-FO4050156,0.0,62.83
09-FO4050157,12.0,33.27
09-FO4050159,10.0,26.71
09-FO4050160,5.0,31.95
09-FO4050163,0.0,147.64
09-FO4050164,10.0,26.09
09-FO4050165,10.0,33.53
09-FO4050166,10.0,43.24
09-FO4050167,10.0,28.87
09-FO4060100,0.0,110.93
09-GM4000101,0.0,118.55
09-GM4050102,6.0,30.45
09-GM4050103,0.0,30.51
09-GM4050105,0.0,91.89
09-GM4050106,2.0,36.2
09-GM4050107,3.0,70.04
09-GM4050108,8.0,27.96
09-GM4050110,3.0,31.27
09-GM4050111,4.0,30.11
09-GM4050112,14.0,48.45
09-GM4050114,5.0,53.58
09-GM4050115,8.0,30.6
09-GM4050116,0.0,138.05
09-GM4050118,4.0,44.82
09-GM4050119,4.0,40.2
09-GM4050120,5.0,32.85
09-GM4050121,25.0,32.96
09-GM4050122,3.0,57.29
09-GM4050123,7.0,42.8
09-GM4050124,10.0,36.09
09-GM4050125,14.0,36.04
09-GM4050126,4.0,65.33
09-GM4050128,40.0,28.98
09-GM4050129,0.0,0.0
09-GM4050130,14.0,94.84
09-GM4050131,7.0,103.45
09-GM4050132,10.0,99.67
09-GM4050133,4.0,36.75
09-GM4050134,10.0,32.93
09-GM4050135,0.0,0.0
09-GM4050136,10.0,31.47
09-GM4050137,0.0,138.05
09-HO4050100,4.0,37.27
09-HO4050101,16.0,29.25
09-HO4050102,10.0,24.05
09-HO4050103,3.0,71.95
09-HO4050105,0.0,0.0
09-HU4050100,6.0,87.55
09-HY4050100,4.0,29.27
09-HY4050101,13.0,24.27
09-HY4050102,10.0,23.62
09-HY4050104,6.0,25.29
09-HY4050105,10.0,26.33
09-HY4050106,17.0,31.0
09-IN4050100,4.0,37.22
09-JA4050101,0.0,0.0
09-KI4050101,0.0,66.95
09-KI4050102,0.0,66.95
09-KI4050104,0.0,57.29
09-KI4050106,5.0,21.47
09-LX4050100,0.0,0.0
09-LX4050101,0.0,103.16
09-LX4050103,5.0,61.29
09-LX4050104,8.0,59.74
09-LX4050105,0.0,29.84
09-LX4050106,0.0,57.16
09-LX4050107,0.0,102.89
09-LX4050108,0.0,136.42
09-LX4050109,10.0,89.3
09-LX4050110,0.0,130.71
09-MA4050100,0.0,0.0
09-MA4050102,14.0,31.95
09-MA4050103,1.0,59.74
09-MB4050101,4.0,84.11
09-MB4050102,6.0,33.55
09-MB4050103,7.0,54.07
09-MB4050104,10.0,42.96
09-MB4050105,4.0,31.78
09-MB4060100,0.0,87.87
09-MC4050100,10.0,31.67
09-MI4050100,0.0,70.69
09-MI4050103,0.0,0.0
09-MI4050104,0.0,55.95
09-MI4050105,6.0,56.65
09-NI4050101,40.0,36.09
09-NI4050102,4.0,36.64
09-NI4050103,4.0,39.58
09-NI4050104,1.0,25.65
09-NI4050105,0.0,129.98
09-NI4050106,2.0,68.8
09-NI4050107,0.0,137.76
09-NI4050108,4.0,39.69
09-NI4050109,2.0,37.56
09-NI4050110,8.0,42.64
09-NI4050111,4.0,84.11
09-NI4050112,4.0,71.55
09-NI4050113,10.0,33.58
09-SU4050100,12.0,26.87
09-SU4050101,18.0,31.02
09-SU4050102,1.0,26.87
09-TO4050100,0.0,80.09
09-TO4050101,6.0,37.08
09-TO4050103,4.0,59.64
09-TO4050104,10.0,23.33
09-TO4050105,5.0,39.14
09-TO4050106,10.0,31.02
09-TO4050107,12.0,43.04
09-TO4050108,0.0,105.56
09-TO4050109,0.0,0.0
09-TO4050110,0.0,148.49
09-TO4050111,19.0,67.47
09-TO4050112,8.0,86.52
09-TO4050113,0.0,74.16
09-TO4050114,10.0,28.87
09-TO4050116,16.0,2683.44
09-TO4050117,10.0,79.2
09-TO4050118,41.0,76.7
09-VW4000100,0.0,28.4
09-VW4050100,6.0,43.47
09-VW4050101,3.0,33.55
10-EVP4711245,0.0,0.0
10-EVP4711257,0.0,0.0
10-EVP4711262,0.0,0.0
10-EVP4711270,0.0,0.0
10-EVP4711271,0.0,0.0
10-EVP4711272,0.0,0.0
10-EVP4711273,0.0,0.0
10-EVP4711274,0.0,0.0
10-EVP4711276,0.0,0.0
10-EVP4711278,0.0,0.0
10-EVP4711280,0.0,0.0
10-EVP4711281,0.0,0.0
10-EVP4711284,0.0,0.0
10-EVP4711285,0.0,0.0
10-EVP4711286,0.0,0.0
10-EVP4711288,0.0,0.0
10-EVP4711289,0.0,0.0
10-EVP4711290,0.0,0.0
10-EVP4711291,0.0,0.0
10-EVP4711294,0.0,0.0
10-EVP4711295,0.0,0.0
10-EVP4711296,0.0,0.0
10-EVP4711299,0.0,0.0
10-EVP4711304,0.0,0.0
10-EVP4711305,0.0,0.0
10-EVP4711306,0.0,0.0
10-EVP4711308,0.0,0.0
10-EVP4711309,0.0,0.0
10-EVP4711310,0.0,0.0
10-EVP4711311,0.0,0.0
10-EVP4711314,0.0,0.0
10-EVP4711315,0.0,0.0
10-EVP4711318,0.0,0.0
10-EVP4711321,0.0,0.0
10-EVP4711322,0.0,0.0
10-EVP4711323,0.0,0.0
10-EVP4711327,0.0,0.0
10-EVP4711332,0.0,0.0
10-EVP4711333,0.0,0.0
10-EVP4711335,0.0,0.0
10-EVP4711336,0.0,0.0
10-EVP4711345,0.0,0.0
10-EVP4711346,0.0,0.0
10-EVP4711351,0.0,0.0
10-EVP4711353,0.0,0.0
10-EVP4711356,0.0,0.0
10-EVP4711360,0.0,0.0
10-EVP4711362,0.0,0.0
10-EVP4711363,0.0,0.0
10-EVP4711364,0.0,0.0
10-EVP4711366,0.0,0.0
10-EVP4711369,0.0,0.0
10-EVP4711370,0.0,0.0
10-EVP4711372,0.0,0.0
10-EVP4711373,0.0,0.0
10-EVP4711374,0.0,0.0
10-EVP4711375,0.0,0.0
10-EVP4711378,0.0,0.0
10-EVP4711379,0.0,0.0
10-EVP4711381,0.0,0.0
10-EVP4711382,0.0,0.0
10-EVP4711383,0.0,0.0
10-EVP4711385,0.0,0.0
10-EVP4711386,0.0,0.0
10-EVP4711387,0.0,0.0
10-EVP4711390,0.0,0.0
10-EVP4711391,0.0,0.0
10-EVP4711393,0.0,0.0
10-EVP4711394,0.0,0.0
10-EVP4711395,0.0,0.0
10-EVP4711396,0.0,0.0
10-EVP4711398,0.0,0.0
10-EVP4711400,0.0,0.0
10-EVP4711401,0.0,0.0
10-EVP4711403,0.0,0.0
10-EVP4711416,0.0,0.0
10-EVP4711417,0.0,0.0
10-EVP4711418,0.0,0.0
10-EVP4711422,0.0,0.0
10-EVP4711423,0.0,0.0
10-EVP4711424,0.0,0.0
10-EVP4711425,0.0,0.0
10-EVP4711428,0.0,0.0
10-EVP4711429,0.0,0.0
10-EVP4711430,0.0,0.0
10-EVP4711432,0.0,0.0
10-EVP4711436,0.0,0.0
10-EVP4711438,0.0,0.0
10-EVP4711442,0.0,0.0
10-EVP4711458,0.0,0.0
10-EVP4711461,0.0,0.0
10-EVP4711472,0.0,0.0
10-EVP4711475,0.0,0.0
10-EVP4711484,0.0,0.0
10-EVP4711485,0.0,0.0
10-EVP4711486,0.0,0.0
10-EVP4711488,0.0,0.0
10-EVP4711493,0.0,0.0
10-EVP4711494,0.0,0.0
10-EVP4711495,0.0,0.0
10-EVP4711497,0.0,0.0
10-EVP4711499,0.0,0.0
10-EVP4711500,0.0,0.0
10-EVP4711503,0.0,0.0
10-EVP4711505,0.0,0.0
10-EVP4711507,0.0,0.0
10-EVP4711508,0.0,0.0
10-EVP4711509,0.0,0.0
10-EVP4711516,0.0,0.0
10-EVP4711518,0.0,0.0
10-EVP4711520,0.0,0.0
10-EVP4711522,0.0,0.0
10-EVP4711524,0.0,0.0
10-EVP4711525,0.0,0.0
10-EVP4711526,0.0,0.0
10-EVP4711527,0.0,0.0
10-EVP4711530,0.0,0.0
10-EVP4711531,0.0,0.0
10-EVP4711534,0.0,0.0
10-EVP4711538,0.0,0.0
10-EVP4711540,0.0,0.0
10-EVP4711541,0.0,0.0
10-EVP4711543,0.0,0.0
10-EVP4711546,0.0,0.0
10-EVP4711547,0.0,0.0
10-EVP4711548,0.0,0.0
10-EVP4711549,0.0,0.0
10-EVP4711550,0.0,0.0
10-EVP4711551,0.0,0.0
10-EVP4711554,0.0,0.0
10-EVP4711555,0.0,0.0
10-EVP4711556,0.0,0.0
10-EVP4711560,0.0,0.0
10-EVP4711561,0.0,0.0
10-EVP4711571,0.0,0.0
10-EVP4711576,0.0,0.0
10-EVP4711580,0.0,0.0
10-EVP4711582,0.0,0.0
10-EVP4711589,0.0,0.0
10-EVP4711590,0.0,0.0
10-EVP4711592,0.0,0.0
10-EVP4711597,0.0,0.0
10-EVP4711613,0.0,0.0
10-EVP4711614,0.0,0.0
10-EVP4711618,0.0,0.0
10-EVP4711625,0.0,0.0
10-EVP4711626,0.0,0.0
10-EVP4711628,0.0,0.0
10-EVP4711630,0.0,0.0
10-EVP4711632,0.0,0.0
10-EVP4711633,0.0,0.0
10-EVP4711634,0.0,0.0
10-EVP4711637,0.0,0.0
10-EVP4711640,0.0,0.0
10-EVP4711642,0.0,0.0
10-EVP4711643,0.0,0.0
10-EVP4711644,0.0,0.0
10-EVP4711645,0.0,0.0
10-EVP4711652,0.0,0.0
10-EVP4711653,0.0,0.0
10-EVP4711654,0.0,0.0
10-EVP4711657,0.0,0.0
10-EVP4711663,0.0,0.0
10-EVP4711664,0.0,0.0
10-EVP4711666,0.0,0.0
10-EVP4711673,0.0,0.0
10-EVP4711674,0.0,0.0
10-EVP4711676,0.0,0.0
10-EVP4711677,0.0,0.0
10-EVP4711678,0.0,0.0
10-EVP4711681,0.0,0.0
10-EVP4711682,0.0,0.0
10-EVP4711683,0.0,0.0
10-EVP4711684,0.0,0.0
10-EVP4711685,0.0,0.0
10-EVP4711689,0.0,0.0
10-EVP4711692,0.0,0.0
10-EVP4711696,0.0,0.0
10-EVP4711697,0.0,0.0
10-EVP4711704,0.0,0.0
10-EVP4711708,0.0,0.0
10-EVP4711711,0.0,0.0
10-EVP4711713,0.0,0.0
10-EVP4711716,0.0,0.0
10-EVP4711718,0.0,0.0
10-EVP4711721,0.0,0.0
10-EVP4711723,0.0,0.0
10-EVP4711726,0.0,0.0
10-EVP4711731,0.0,0.0
10-EVP4711732,0.0,0.0
10-EVP4711733,0.0,0.0
10-EVP4711734,0.0,0.0
10-EVP4711735,0.0,0.0
10-EVP4711736,0.0,0.0
10-EVP4711737,0.0,0.0
10-EVP4711738,0.0,0.0
10-EVP4711742,0.0,0.0
10-EVP4711746,0.0,0.0
10-EVP4711748,0.0,0.0
10-EVP4711749,0.0,0.0
10-EVP4711750,0.0,0.0
10-EVP4711752,0.0,0.0
10-EVP4711754,0.0,0.0
10-EVP4711756,0.0,0.0
10-EVP4711757,0.0,0.0
10-EVP4711758,0.0,0.0
10-EVP4711759,0.0,0.0
10-EVP4711762,0.0,0.0
10-EVP4711763,0.0,0.0
10-EVP4711764,0.0,0.0
10-EVP4711765,0.0,0.0
10-EVP4711768,0.0,0.0
10-EVP4711769,0.0,0.0
10-EVP4711770,0.0,0.0
10-EVP4711771,0.0,0.0
10-EVP4711773,0.0,0.0
10-EVP4711774,0.0,0.0
10-EVP4711780,0.0,0.0
10-EVP4711781,0.0,0.0
10-EVP4711782,0.0,0.0
10-EVP4711783,0.0,0.0
10-EVP4711784,0.0,0.0
10-EVP4711790,0.0,0.0
10-EVP4711791,0.0,0.0
10-EVP4711795,0.0,0.0
10-EVP4711796,0.0,0.0
10-EVP4711798,0.0,0.0
10-EVP4711799,0.0,0.0
10-EVP4711800,0.0,0.0
10-EVP4711801,0.0,0.0
10-EVP4711802,0.0,0.0
10-EVP4711803,0.0,0.0
10-EVP4711804,0.0,0.0
10-EVP4711805,0.0,0.0
10-EVP4711808,0.0,0.0
10-EVP4711809,0.0,0.0
10-EVP4711810,0.0,0.0
10-EVP4711813,0.0,0.0
10-EVP4711816,0.0,0.0
10-EVP4711818,0.0,0.0
10-EVP4711819,0.0,0.0
10-EVP4711821,0.0,0.0
10-EVP4711829,0.0,0.0
10-EVP4711831,0.0,0.0
10-EVP4711834,0.0,0.0
10-EVP4711844,0.0,0.0
10-EVP4711855,0.0,0.0
10-EVP4711859,0.0,0.0
10-EVP4711860,0.0,0.0
10-EVP4711873,0.0,0.0
10-EVP4711874,0.0,0.0
10-EVP4711875,0.0,0.0
10-EVP4711876,0.0,0.0
10-EVP4711877,0.0,0.0
10-EVP4711878,0.0,0.0
10-EVP4711879,0.0,0.0
10-EVP4711880,0.0,0.0
10-EVP4711881,0.0,0.0
10-EVP4711882,0.0,0.0
10-EVP4711883,0.0,0.0
10-EVP4711886,0.0,0.0
10-EVP4711887,0.0,0.0
10-EVP4711888,0.0,0.0
10-EVP4711889,0.0,0.0
10-EVP4711891,0.0,0.0
10-EVP4711892,0.0,0.0
10-EVP4711894,0.0,0.0
10-EVP4711895,0.0,0.0
10-EVP4711896,0.0,0.0
10-EVP4711897,0.0,0.0
10-EVP4711898,0.0,0.0
10-EVP4711900,0.0,0.0
10-EVP4711901,0.0,0.0
10-EVP4711902,0.0,0.0
10-EVP4711903,0.0,0.0
10-EVP4711904,0.0,0.0
10-EVP4711905,0.0,0.0
10-EVP4711906,0.0,0.0
10-EVP4711908,0.0,0.0
10-EVP4711909,0.0,0.0
10-EVP4711910,0.0,0.0
10-EVP4711911,0.0,0.0
10-EVP4711912,0.0,0.0
10-EVP4711913,0.0,0.0
10-EVP4711917,0.0,0.0
10-EVP4711919,0.0,0.0
10-EVP4711920,0.0,0.0
10-EVP4711988,0.0,0.0
10-EVP4711989,0.0,0.0
10-EVP4711990,0.0,0.0
10-EVP4711991,0.0,0.0
10-EVP4711992,0.0,0.0
10-EVP4711993,0.0,0.0
10-EVP4711995,0.0,0.0
10-EVP4711996,0.0,0.0
10-EVP4711997,0.0,0.0
10-EVP4711998,0.0,0.0
10-EVP4712000,0.0,0.0
10-EVP4712001,0.0,0.0
10-EVP4712004,0.0,0.0
10-EVP4712006,0.0,0.0
10-EVP4712009,0.0,0.0
10-EVP4712010,0.0,0.0
10-EVP4712011,0.0,0.0
10-EVP4712014,0.0,0.0
10-EVP4712016,0.0,0.0
10-EVP4712018,0.0,0.0
10-EVP4712019,0.0,0.0
10-EVP4712020,0.0,0.0
10-EVP4712021,0.0,0.0
10-EVP4712022,0.0,0.0
10-EVP4712023,0.0,0.0
10-EVP4712025,0.0,0.0
10-EVP4712026,0.0,0.0
10-EVP4712027,0.0,0.0
10-EVP4712028,0.0,0.0
10-EVP4712033,0.0,0.0
10-EVP4712034,0.0,0.0
10-EVP4712037,0.0,0.0
10-EVP4712039,0.0,0.0
10-EVP4712040,0.0,0.0
10-EVP4712041,0.0,0.0
10-EVP4712042,0.0,0.0
10-EVP4712043,0.0,0.0
10-EVP4712044,0.0,0.0
10-EVP4712045,0.0,0.0
10-EVP4712046,0.0,0.0
10-EVP4712047,0.0,0.0
10-EVP4712049,0.0,0.0
10-EVP4712051,0.0,0.0
10-EVP4712052,0.0,0.0
10-EVP4712054,0.0,0.0
10-EVP4712055,0.0,0.0
10-EVP4712056,0.0,0.0
10-EVP4712058,0.0,0.0
10-EVP4712059,0.0,0.0
10-EVP4712060,0.0,0.0
10-EVP4712061,0.0,0.0
10-EVP4712062,0.0,0.0
10-EVP4712068,0.0,0.0
10-EVP4712069,0.0,0.0
10-EVP4712070,0.0,0.0
10-EVP4712072,0.0,0.0
10-EVP4712073,0.0,0.0
10-EVP4712076,0.0,0.0
10-EVP4712078,0.0,0.0
10-EVP4712086,0.0,0.0
10-EVP4712089,0.0,0.0
10-EVP4712091,0.0,0.0
10-EVP4712093,0.0,0.0
10-EVP4712097,0.0,0.0
10-EVP4712102,0.0,0.0
10-EVP4712103,0.0,0.0
10-EVP4712107,0.0,0.0
10-EVP4712108,0.0,0.0
10-EVP4712112,0.0,0.0
10-EVP4712114,0.0,0.0
10-EVP4712116,0.0,0.0
10-EVP4712117,0.0,0.0
10-EVP4712122,0.0,0.0
10-EVP4712125,0.0,0.0
10-EVP4712127,0.0,0.0
10-EVP4712129,0.0,0.0
10-EVP4712131,0.0,0.0
10-EVP4712132,0.0,0.0
10-EVP4712134,0.0,0.0
10-EVP4712135,0.0,0.0
10-EVP4712140,0.0,0.0
10-EVP4712142,0.0,0.0
10-EVP4712143,0.0,0.0
10-EVP4712145,0.0,0.0
10-EVP4712148,0.0,0.0
10-EVP4712158,0.0,0.0
10-EVP4712160,0.0,0.0
10-EVP4712162,0.0,0.0
10-EVP4712165,0.0,0.0
10-EVP4712167,0.0,0.0
10-EVP4712170,0.0,0.0
10-EVP4712171,0.0,0.0
10-EVP4712174,0.0,0.0
10-EVP4712177,0.0,0.0
10-EVP4712178,0.0,0.0
10-EVP4712182,0.0,0.0
10-EVP4712187,0.0,0.0
10-EVP4712190,0.0,0.0
10-EVP4712196,0.0,0.0
10-EVP4712197,0.0,0.0
10-EVP4712199,0.0,0.0
10-EVP4712202,0.0,0.0
10-EVP4712206,0.0,0.0
10-EVP4712212,0.0,0.0
10-EVP4712217,0.0,0.0
10-EVP4712221,0.0,0.0
10-EVP4712222,0.0,0.0
10-EVP4712224,0.0,0.0
10-EVP4712227,0.0,0.0
10-EVP4712228,0.0,0.0
10-EVP4712229,0.0,0.0
10-EVP4712231,0.0,0.0
10-EVP4712242,0.0,0.0
10-EVP4712246,0.0,0.0
10-EVP4712248,0.0,0.0
10-EVP4712252,0.0,0.0
10-EVP4712256,0.0,0.0
10-EVP4712257,0.0,0.0
10-EVP4712259,0.0,0.0
10-EVP4712260,0.0,0.0
10-EVP4712281,0.0,0.0
10-EVP4712288,0.0,0.0
10-EVP4712303,0.0,0.0
10-EVP4712314,0.0,0.0
10-H500001,0.0,0.0
10-H500002,0.0,0.0
10-H500003,0.0,0.0
10-H500004,0.0,0.0
10-H500005,0.0,0.0
10-H500006,0.0,0.0
10-H500007,0.0,0.0
10-H500008,0.0,0.0
10-H500009,0.0,0.0
10-H500010,0.0,0.0
10-H500011,0.0,0.0
10-H500012,0.0,0.0
10-H500013,0.0,0.0
10-H500014,0.0,0.0
10-H500015,0.0,0.0
10-H500016,0.0,0.0
10-H500017,0.0,0.0
10-H500018,0.0,0.0
10-H500019,0.0,0.0
10-H500020,0.0,0.0
10-H500021,0.0,0.0
10-H500022,0.0,0.0
10-H500023,0.0,0.0
10-H500024,0.0,0.0
10-H500025,0.0,0.0
10-H500026,0.0,0.0
10-H500027,0.0,0.0
10-H500028,0.0,0.0
10-H500029,0.0,0.0
10-H500030,0.0,0.0
10-H500031,0.0,0.0
10-H500032,0.0,0.0
10-H500033,0.0,0.0
10-H500034,0.0,0.0
10-H500035,0.0,0.0
10-H500036,0.0,0.0
10-H500037,0.0,0.0
10-H500038,0.0,0.0
10-H500039,0.0,0.0
10-H500040,0.0,0.0
10-H500041,0.0,0.0
10-H500042,0.0,0.0
10-H500043,0.0,0.0
10-H500044,0.0,0.0
10-H500045,0.0,0.0
10-H500046,0.0,0.0
10-H500047,0.0,0.0
10-H500048,0.0,0.0
10-H500049,0.0,0.0
10-H500050,0.0,0.0
10-H500051,0.0,0.0
10-H500052,0.0,0.0
10-H500053,0.0,0.0
10-H500054,0.0,0.0
10-H500055,0.0,0.0
10-H500056,0.0,0.0
10-H500057,0.0,0.0
10-H500058,0.0,0.0
10-H500059,0.0,0.0
10-H500060,0.0,0.0
10-H500061,0.0,0.0
10-H500062,0.0,0.0
10-H500063,0.0,0.0
10-H500064,0.0,0.0
10-H500065,0.0,0.0
10-H500066,0.0,0.0
10-H500067,0.0,0.0
10-H500068,0.0,0.0
10-H500069,0.0,0.0
10-H500070,0.0,0.0
10-H500071,0.0,0.0
10-H500072,0.0,0.0
10-H500073,0.0,0.0
10-H500074,0.0,0.0
10-H500075,0.0,0.0
10-H500076,0.0,0.0
10-H500077,0.0,0.0
10-H500078,0.0,0.0
10-H500079,0.0,0.0
10-H500080,0.0,0.0
10-H500081,0.0,0.0
10-H500082,0.0,0.0
10-H500083,0.0,0.0
10-H500084,0.0,0.0
10-H500085,0.0,0.0
10-H500086,0.0,0.0
10-H500087,0.0,0.0
10-H500088,0.0,0.0
10-H500089,0.0,0.0
10-H500090,0.0,0.0
10-H500091,0.0,0.0
10-H500092,0.0,0.0
10-H500093,0.0,0.0
10-H500094,0.0,0.0
10-H500095,0.0,0.0
10-H500096,0.0,0.0
10-H500097,0.0,0.0
10-H500098,0.0,0.0
10-H500099,0.0,0.0
10-H500100,0.0,0.0
10-H500101,0.0,0.0
10-H500102,0.0,0.0
10-H500103,0.0,0.0
10-H500104,0.0,0.0
10-H500105,0.0,0.0
10-H500106,0.0,0.0
10-H500107,0.0,0.0
10-H500108,0.0,0.0
10-H500109,0.0,0.0
10-H500110,0.0,0.0
10-H500111,0.0,0.0
10-H500112,0.0,0.0
10-H500113,0.0,0.0
10-H500114,0.0,0.0
10-H500115,0.0,0.0
10-H500116,0.0,0.0
10-H500117,0.0,0.0
10-H500118,0.0,0.0
10-H500119,0.0,0.0
10-H500120,0.0,0.0
10-H500121,0.0,0.0
10-H500122,0.0,0.0
10-H500123,0.0,0.0
10-H500124,0.0,0.0
10-H500125,0.0,0.0
10-H500126,0.0,0.0
10-H500127,0.0,0.0
10-H500128,0.0,0.0
10-H500129,0.0,0.0
10-H500130,0.0,0.0
10-H500131,0.0,0.0
10-H500132,0.0,0.0
10-H500133,0.0,0.0
10-H500134,0.0,0.0
10-H500135,0.0,0.0
10-H500136,0.0,0.0
10-H500137,0.0,0.0
10-H500138,0.0,0.0
10-H500139,0.0,0.0
10-H500140,0.0,0.0
10-H500141,0.0,0.0
10-H500142,0.0,0.0
10-H500143,0.0,0.0
10-H500144,0.0,0.0
10-H500145,0.0,0.0
10-H500146,0.0,0.0
10-H500147,0.0,0.0
10-H500148,0.0,0.0
10-H500149,0.0,0.0
10-H500150,0.0,0.0
10-H500151,0.0,0.0
10-H500152,0.0,0.0
10-H500153,0.0,0.0
10-H500154,0.0,0.0
10-H500155,0.0,0.0
10-H500156,0.0,0.0
10-H500157,0.0,0.0
10-H500158,0.0,0.0
10-H500159,0.0,0.0
10-H500160,0.0,0.0
10-H500161,0.0,0.0
10-H500162,0.0,0.0
10-H500163,0.0,0.0
10-H500164,0.0,0.0
10-H500165,0.0,0.0
10-H500166,0.0,0.0
10-H500167,0.0,0.0
10-H500168,0.0,0.0
10-H500169,0.0,0.0
10-H500170,0.0,0.0
10-H500171,0.0,0.0
10-H500172,0.0,0.0
10-H500173,0.0,0.0
10-H500174,0.0,0.0
10-H500175,0.0,0.0
10-H500176,0.0,0.0
10-H500177,0.0,0.0
10-H500178,0.0,0.0
10-H500179,0.0,0.0
10-H500180,0.0,0.0
10-H500181,0.0,0.0
10-H500182,0.0,0.0
10-H500183,0.0,0.0
10-H500184,0.0,0.0
10-H500185,0.0,0.0
10-H500186,0.0,0.0
10-H500187,0.0,0.0
10-H500188,0.0,0.0
10-H500189,0.0,0.0
10-H500190,0.0,0.0
10-H500191,0.0,0.0
10-H500192,0.0,0.0
10-H500193,0.0,0.0
10-H500194,0.0,0.0
10-H500195,0.0,0.0
10-H500196,0.0,0.0
10-H500197,0.0,0.0
10-H500198,0.0,0.0
10-H500199,0.0,0.0
10-H500200,0.0,0.0
10-H500201,0.0,0.0
10-H500202,0.0,0.0
10-H500203,0.0,0.0
10-H500204,0.0,0.0
10-H500205,0.0,0.0
10-H500206,0.0,0.0
10-H500207,0.0,0.0
10-H500208,0.0,0.0
10-H500209,0.0,0.0
10-H500210,0.0,0.0
10-H500211,0.0,0.0
10-H500212,0.0,0.0
10-H500213,0.0,0.0
10-H500214,0.0,0.0
10-H500215,0.0,0.0
10-H500216,0.0,0.0
10-H500217,0.0,0.0
10-H500218,0.0,0.0
10-H500219,0.0,0.0
10-H500220,0.0,0.0
10-H500221,0.0,0.0
10-H500222,0.0,0.0
10-H500223,0.0,0.0
10-H500224,0.0,0.0
10-H500225,0.0,0.0
10-H500226,0.0,0.0
10-H500227,0.0,0.0
10-H500228,0.0,0.0
10-H500229,0.0,0.0
10-H500230,0.0,0.0
10-H500231,0.0,0.0
10-H500232,0.0,0.0
10-H500233,0.0,0.0
10-H500234,0.0,0.0
10-H500235,0.0,0.0
10-H500236,0.0,0.0
10-H500237,0.0,0.0
10-H500238,0.0,0.0
10-H500239,0.0,0.0
10-H500240,0.0,0.0
10-H500241,0.0,0.0
10-H500242,0.0,0.0
10-H500243,0.0,0.0
10-H500244,0.0,0.0
10-H500245,0.0,0.0
10-H500246,0.0,0.0
10-H500247,0.0,0.0
10-H500248,0.0,0.0
10-H500249,0.0,0.0
10-H500250,0.0,0.0
10-H500251,0.0,0.0
10-H500252,0.0,0.0
10-H500253,0.0,0.0
10-H500254,0.0,0.0
10-H500255,0.0,0.0
10-H500256,0.0,0.0
10-H500257,0.0,0.0
10-H500258,0.0,0.0
10-H500259,0.0,0.0
10-H500260,0.0,0.0
10-H500261,0.0,0.0
10-H500262,0.0,0.0
10-H500263,0.0,0.0
10-H500264,0.0,0.0
10-H500265,0.0,0.0
10-H500266,0.0,0.0
10-H500267,0.0,0.0
10-H500268,0.0,0.0
10-H500269,0.0,0.0
10-H500270,0.0,0.0
10-H500271,0.0,0.0
10-H500272,0.0,0.0
10-H500273,0.0,0.0
10-H500274,0.0,0.0
10-H500275,0.0,0.0
10-H500276,0.0,0.0
10-H500277,0.0,0.0
10-H500278,0.0,0.0
10-H500279,0.0,0.0
10-H500280,0.0,0.0
10-H500281,0.0,0.0
10-H500282,0.0,0.0
10-H500283,0.0,0.0
10-H500284,0.0,0.0
10-H500285,0.0,0.0
10-H500286,0.0,0.0
10-H500287,0.0,0.0
10-H500288,0.0,0.0
10-H500289,0.0,0.0
10-H500290,0.0,0.0
10-H500291,0.0,0.0
10-H500292,0.0,0.0
10-H500293,0.0,0.0
10-H500294,0.0,0.0
10-H500295,0.0,0.0
10-H500296,0.0,0.0
10-H500297,0.0,0.0
10-H500298,0.0,0.0
10-H500299,0.0,0.0
10-H500300,0.0,0.0
10-H500301,0.0,0.0
10-H500302,0.0,0.0
10-H500303,0.0,0.0
25-R310021PAWF,6.0,541.8
25-R410003PA,0.0,185.0
25-R590011PA,0.0,231.75
25-R590013PA,3.0,208.53
25-R590029PAWF,0.0,0.0
25-R640099PA,4.0,382.01
25-R640102PA,26.0,509.76
25-R640112PA,0.0,570.71
25-R640117PA,0.0,613.6
25-R640125PA,22.0,456.93
25-R650032PA,0.0,365.07
25-R650032PAWF,28.0,483.16
25-R730018PA,18.0,423.38
25-R770011CB,0.0,0.0
25-R770057PA,16.0,508.09
25-R770057PAWF,0.0,0.0
25-R800044PA,8.0,350.49
25-R800083PA,11.0,510.47
25-R800089PA,4.0,478.18
25-R800100PA,10.0,486.56
25-R800115PA,0.0,0.0
25-R800126PA,10.0,495.85
25-R800128PA,0.0,510.27
25-R800128PAWF,28.0,667.33
25-R800133PA,12.0,395.0
25-R800134PA,0.0,0.0
25-R800137PA,7.0,510.27
25-R8067104PA,0.0,0.0
25-R8067106PA,0.0,245.0
25-R8067108PA,10.0,235.87
25-R8067208PA,0.0,0.0
25-R8067209PA,0.0,0.0
25-R8067210PA,0.0,0.0
25-R8067301PA,0.0,0.0
25-R8067406PA,0.0,238.0
25-R900041PA,6.0,437.16
25-R900043PA,9.0,427.44
25-RBLU06PA,4.0,265.0
25-RBLU08PA,10.0,433.96
25-RBLU08PAWF,3.0,510.8
25-RBLU10PA,0.0,300.2
25-RFOR14PA,7.0,362.4
25-RFOR18PA,4.0,434.0
25-RFOR23PA,0.0,398.93
25-RFOR24PA,0.0,0.0
25-RFOR25PA,0.0,330.0
25-RFOR62PA,0.0,0.0
25-RFOR71PA,0.0,0.0
25-RFOR72PA,0.0,0.0
25-RFRE04PA,0.0,283.82
25-RFRE05PA,3.0,288.42
25-RFRE06PA,2.0,310.89
25-RFRE07PA,8.0,325.64
25-RFRE108PA,24.0,399.71
25-RFRE10PA,0.0,309.0
25-RFRE13PA,0.0,412.09
25-RFRE15PA,0.0,344.36
25-RFRE16PA,5.0,358.58
25-RFRE19PA,0.0,347.95
25-RFRE20PA,0.0,400.95
25-RFRE21CB,0.0,0.0
25-RFRE22PA,17.0,347.95
25-RFRE24PA,2.0,394.71
25-RFRE27PA,5.0,356.69
25-RFRE29PA,3.0,350.2
25-RFRE30PA,3.0,325.0
25-RFRE31PA,4.0,370.78
25-RFRE32PA,11.0,347.95
25-RFRE40PA,1.0,248.1
25-RFRE41PA,8.0,303.07
25-RFRE42PA,3.0,383.0
25-RFRE43PA,1.0,290.18
25-RFRE50PA,5.0,274.0
25-RFRE53PA,4.0,303.07
25-RFRE54PA,6.0,489.62
25-RFRE55PA,4.0,479.02
25-RFRE61PA,7.0,489.62
25-RFRE62PA,4.0,370.78
25-RFRE63PA,2.0,381.1
25-RFRE64PA,20.0,481.78
25-RFRE66PA,17.0,442.11
25-RFRE68PA,8.0,480.13
25-RFRE72PA,14.0,468.98
25-RFRE79PA,19.0,424.04
25-RFRE91PA,0.0,459.89
25-RFRE91PAWF,24.0,655.24
25-RGMC28PA,10.0,359.98
25-RGMC33PA,15.0,308.05
25-RGMC35PA,5.0,349.71
25-RKEN01PA,0.0,0.0
25-RKEN04PA,0.0,379.31
25-RKEN05PA,2.0,423.89
25-RKEN06CB,0.0,0.0
25-RKEN09CB,0.0,0.0
25-RKEN14PA,8.0,342.38
25-RKEN20PA,4.0,353.53
25-RKEN29PA,2.0,466.55
25-RKEN30PA,0.0,356.33
25-RLIFT03PA,0.0,289.62
25-RLIFT246323,5.0,192.2
25-RLIFT41PA,0.0,289.62
25-RMAC05PA,6.0,303.33
25-RMAC06PA,0.0,278.25
25-RMAC07PA,2.0,373.85
25-RMAC08PA,6.0,397.5
25-RMAC10PA,0.0,0.0
25-RMAC11PA,8.0,335.84
25-RMAC12PA,0.0,0.0
25-RNAV03PA,10.0,306.13
25-RNAV05PA,11.0,287.0
25-RNAV07PA,0.0,0.0
25-RNAV08PA,0.0,273.47
25-RNAV09PA,3.0,359.47
25-RNAV11PA,4.0,319.3
25-RNAV12PA,10.0,233.64
25-RNAV15PA,6.0,314.15
25-RNAV18PA,0.0,349.35
25-RNAV19PA,16.0,351.18
25-RNAV24PA,0.0,545.9
25-RNAV26PA,6.0,283.78
25-RNAV27PA,1.0,239.2
25-RNAV30PA,0.0,410.73
25-RNAV33PA,2.0,535.6
25-RNAV50PA,3.0,382.0
25-RNPR3209PA,14.0,163.18
25-RNPR3220PA,57.0,142.65
25-RNPR3243PA,0.0,153.47
25-RNPR3832PA,12.0,191.4
25-RPET05PA,6.0,282.69
25-RPET06CB,0.0,0.0
25-RPET13CB,0.0,0.0
25-RPET16PA,13.0,295.0
25-RPET17PA,4.0,378.64
25-RPET18PA,0.0,395.35
25-RPET19PA,35.0,428.82
25-RPET20PA,0.0,403.24
25-RVOL01PA,0.0,373.85
25-RVOL03PA,20.0,426.02
25-RVOL03PAWF,4.0,694.64
25-RVOL04PA,2.0,555.31
25-RVOL09PA,8.0,320.07
25-RVOL19PA,4.0,536.0
25-RVOL40PA,1.0,407.91
25-RWES13PA,0.0,460.51
26-C20032,0.0,69.84
26-C20049,8.0,59.02
26-C20050,0.0,0.0
26-C20060,2.0,74.0
26-C22034,0.0,158.22
26-C22039,8.0,53.69
26-C22042,2.0,45.96
26-C22044,0.0,74.64
26-C22046,6.0,71.87
26-C22049,0.0,0.0
26-C22051,10.0,53.87
26-C22052,0.0,0.0
26-C22053,0.0,0.0
26-C22054,0.0,66.98
26-C22056,6.0,67.16
26-C22057,6.0,67.35
26-C22072,0.0,113.62
26-C22074,6.0,75.53
26-C22079,12.0,64.25
26-C22082,13.0,76.25
26-C22083,7.0,106.88
26-C22096,8.0,65.0
26-C22098,0.0,0.0
26-C22102,0.0,0.0
26-C22103,11.0,65.87
26-C22106,0.0,0.0
26-C22150,0.0,0.0
26-C22151,0.0,0.0
26-C22161,0.0,0.0
26-C22162,14.0,69.85
26-C22173,0.0,70.73
26-C22302,26.0,65.87
26-C22307,50.0,69.75
26-C40353,0.0,93.55
26-C40363,1.0,65.87
26-C40401,4.0,53.35
26-C40465,10.0,56.51
26-C40541,18.0,56.71
26-C40542,7.0,71.79
26-C40546,4.0,69.51
26-C40552,10.0,66.44
26-C40560,11.0,53.91
26-C40563,20.0,73.7
26-C40568,6.0,69.51
26-C40588,120.0,57.71
26-C40603,2.0,43.44
26-C40605,6.0,61.44
26-C40606,0.0,0.0
26-C40607,4.0,52.87
26-C40608,9.0,63.87
26-C40610,0.0,0.0
26-C40702,0.0,66.67
26-C40703,3.0,68.04
26-C40715,18.0,51.4
26-C40731,0.0,63.91
26-C40732,28.0,56.05
26-C40735,4.0,0.0
26-C40739,6.0,59.84
26-C40795,8.0,64.33
26-C40796,8.0,73.2
26-C40822,24.0,81.75
26-C40823,4.0,76.9
26-C40827,0.0,117.82
26-C40828,15.0,80.4
26-C40829,4.0,59.42
26-C40901,16.0,40.51
26-C40906,0.0,0.0
26-C40907,7.0,65.4
26-C40940,0.0,103.4
26-C40945,15.0,52.96
26-C40966,6.0,58.94
26-C40975,21.0,73.4
26-C40986,12.0,61.04
26-C41000,0.0,40.27
26-C41009,0.0,64.47
26-C41012,9.0,42.2
26-C41013,2.0,69.96
26-C41014,2.0,82.45
26-C41213,2.0,60.18
26-C41215,12.0,83.76
26-C41217,2.0,75.3
26-C41405,0.0,57.98
26-C41413,14.0,40.45
26-C41414,2.0,82.69
26-C41416,22.0,69.45
26-C41417,16.0,68.53
26-C41610,8.0,70.91
26-C41614,2.0,66.84
26-C41615,2.0,70.87
26-C41833,0.0,0.0
26-C42455,10.0,62.51
26-C42472,15.0,78.75
26-C60000,0.0,70.85
26-C70000,0.0,66.05
26-C9014,30.0,91.44
26-C9073,0.0,57.98
26-C9076,4.0,69.38
26-C9088,7.0,57.65
26-C9089,4.0,57.47
26-C9113,0.0,118.13
26-C9114,9.0,70.31
26-C9118,3.0,72.77
26-C9120,4.0,71.08
26-C9121,2.0,67.53
26-C9123,8.0,58.05
26-C9124,8.0,58.27
26-C9126,4.0,54.29
26-C9130,4.0,68.58
26-C9132,7.0,38.13
26-C9135,6.0,66.16
26-C9136,7.0,39.78
27-CAC083,0.0,547.71
27-CAC087,0.0,0.0
27-CAC10082,0.0,164.29
27-CAC103,0.0,528.81
27-CAC1040,0.0,521.42
27-CAC107B,0.0,673.41
27-CAC107D,0.0,789.01
27-CAC107E,0.0,785.04
27-CAC107EH,0.0,649.96
27-CAC107F,0.0,438.54
27-CAC107H,0.0,699.3
27-CAC110,0.0,617.75
27-CAC112B,0.0,544.13
27-CAC112C,0.0,783.46
27-CAC118,0.0,536.07
27-CAC118B,0.0,603.53
27-CAC119,0.0,0.0
27-CAC119B,0.0,915.79
27-CAC119D,0.0,788.03
27-CAC123,0.0,625.02
27-CAC124,0.0,613.54
27-CAC124B,0.0,883.9
27-CAC125F,0.0,1643.73
27-CAC126,0.0,594.94
27-CAC126B,0.0,647.21
27-CAC127,0.0,594.94
27-CAC128C,0.0,555.08
27-CAC128D,0.0,1240.09
27-CAC128F,0.0,0.0
27-CAC131,0.0,0.0
27-CAC133,0.0,512.47
27-CAC134,0.0,800.93
27-CAC136B,0.0,584.71
27-CAC137,0.0,388.39
27-CAC142,0.0,790.01
27-CAC142B,0.0,0.0
27-CAC16404,0.0,0.0
27-CAC16405,0.0,0.0
27-CAC16407,0.0,0.0
27-CAC16408,0.0,0.0
27-CAC16508,0.0,0.0
27-CAC16513,0.0,0.0
27-CAC1701,0.0,0.0
27-CAC1706,0.0,0.0
27-CAC1709,0.0,0.0
27-CAC1714,0.0,0.0
27-CAC1715,0.0,511.27
27-CAC1719,0.0,480.69
27-CAC1725,0.0,499.68
27-CAC1726,0.0,0.0
27-CAC1727,0.0,0.0
27-CAC1730,0.0,0.0
27-CAC17329,0.0,0.0
27-CAC17703,0.0,0.0
27-CAC18105,0.0,0.0
27-CAC18119,0.0,0.0
27-CAC18132,0.0,0.0
27-CAC2507,0.0,451.47
27-CAC2508,0.0,536.69
27-CAC2509,0.0,401.08
27-CAC2510,0.0,526.08
27-CAC2517,0.0,599.13
27-CAC3001,0.0,521.15
27-CAC3002,0.0,0.0
27-CAC318,0.0,983.12
27-CAC322,0.0,0.0
27-CAC343,0.0,0.0
27-CAC3501,0.0,429.87
27-CAC3507,0.0,0.0
27-CAC3508,0.0,430.58
27-CAC3511,0.0,430.58
27-CAC3517,0.0,0.0
27-CAC3521,0.0,0.0
27-CAC3522,0.0,0.0
27-CAC3527,0.0,0.0
27-CAC3528,0.0,0.0
27-CAC379,0.0,797.17
27-CAC3801,0.0,459.24
27-CAC3809,0.0,557.78
27-CAC3812,0.0,0.0
27-CAC391,0.0,0.0
27-CAC4401-2001,0.0,0.0
27-CAC441105,0.0,570.03
27-CAC441240,0.0,1185.39
27-CAC4603,0.0,536.69
27-CAC4604,0.0,0.0
27-CAC4605,0.0,791.67
27-CAC4606,0.0,0.0
27-CAC4608,0.0,578.39
27-CAC4701,0.0,536.69
27-CAC4705,0.0,0.0
27-CACNAV16433,0.0,0.0
27-CACNPR6049,0.0,0.0
27-CACNPR6050,0.0,0.0
27-CACNPR6051,0.0,0.0
27-CACPET17720,0.0,0.0
28-HEVP4711559,0.0,0.0
28-HEVP4711971,0.0,0.0
28-HEVP4711975,0.0,0.0
28-HEVP4711977,0.0,0.0
28-HEVP4711983,0.0,0.0
28-HEVP4712081,0.0,0.0
28-HEVP4712124,0.0,0.0
28-HEVP4712126,0.0,0.0
28-HEVP4712154,0.0,0.0
28-HEVP4712203,0.0,0.0
28-S6035101,0.0,89.01
28-S6035201,0.0,66.67
28-S6035203,0.0,109.07
28-S6035204,0.0,79.61
28-S6035401,0.0,0.0
28-S6035402,0.0,89.87
28-S6035403,0.0,106.5
28-S6035404,0.0,66.87
28-S6035504,0.0,102.94
28-S6035505,0.0,105.47
28-S6035507,0.0,78.12
35-A005,0.0,64.45
35-A014,0.0,73.81
35-A018,0.0,93.25
35-A019,0.0,82.17
45-10F,26.0,19.84
45-12F,10.0,23.18
45-14F,7.0,29.5
45-TIE,520.0,9.36
55-CH1206101,0.0,1.55
55-CH1206102,0.0,1.55
55-CH1206109,0.0,1.55
55-CH1206113,0.0,1.0
55-CH1206114,0.0,1.55
55-CH1206115,0.0,1.55
55-CH1206116,0.0,1.55
55-CH1206117,0.0,1.55
55-CH1206119,0.0,1.0
55-CH1206122C,0.0,1.55
55-CH1206135,0.0,1.0
55-CH1206137,0.0,1.0
55-FO1206102,0.0,1.55
55-FO1206108,0.0,1.55
55-FO1206109,0.0,1.55
55-FO1206114,0.0,1.0
55-FO1206115,0.0,1.55
55-FO1206116,0.0,1.55
55-FO1206117C,0.0,1.55
55-FO1206119C,0.0,1.55
55-FO1206121,0.0,1.55
55-FO1206122,0.0,1.0
55-FO1206135,0.0,1.55
55-FO1206137,0.0,1.55
55-FO1206138,0.0,1.0
55-FO1206143,0.0,1.0
55-FO1218106,0.0,1.55
55-FO1225286,0.0,1.55
55-GM1206102,0.0,1.55
55-GM1206103,0.0,1.55
55-GM1206104,0.0,1.55
55-GM1206105,0.0,1.55
55-GM1206106,0.0,1.55
55-GM1206107,0.0,1.55
55-GM1206108,0.0,1.55
55-GM1206109C,0.0,1.55
55-GM1206111,0.0,1.55
55-GM1206112C,0.0,1.55
55-GM1206114,0.0,1.55
55-GM1206116,0.0,1.55
55-GM1206117,0.0,1.55
55-GM1206118,0.0,1.55
55-GM1206119,0.0,1.55
55-GM1206120,0.0,1.55
55-GM1206122C,0.0,1.55
55-GM1206123,0.0,1.55
55-GM1206124C,0.0,1.55
55-GM1206125,0.0,1.55
55-GM1206128C,0.0,1.55
55-GM1206129C,0.0,1.55
55-GM1206130,0.0,1.55
55-GM1206132,0.0,1.55
55-GM1206134,0.0,1.55
55-GM1206135C,0.0,1.55
55-GM1206136C,0.0,1.55
55-GM1206137C,0.0,1.55
55-GM1206138C,0.0,1.55
55-GM1206139C,0.0,1.55
55-GM1206145C,0.0,1.55
55-GM1206146,0.0,1.55
55-GM1206148,0.0,1.55
55-GM1206149,0.0,1.55
55-GM1206150,0.0,1.55
55-GM1206161,0.0,1.55
55-HO1206100C,0.0,1.55
55-HO1206101C,0.0,1.55
55-HO1206105,0.0,1.55
55-HO1206105C,0.0,1.55
55-HO1206106,0.0,1.55
55-HO1206106C,0.0,1.55
55-HO1206107C,0.0,1.55
55-HO1206114C,0.0,1.55
55-MA1206102C,0.0,1.55
55-MA1206103C,0.0,1.55
55-NI1206100C,0.0,1.55
55-NI1206101C,0.0,1.55
55-NI1206102C,0.0,1.55
55-NI1206103,0.0,1.55
55-NI1206104C,0.0,1.55
55-NI1206106C,0.0,1.55
55-NI1206107C,0.0,1.55
55-NI1206108C,0.0,1.55
55-NI1206109,0.0,1.55
55-SU1206100,0.0,1.55
55-SU1206101,0.0,1.55
55-SU1206104C,0.0,1.55
55-SU1206106,0.0,1.55
55-SU1206107,0.0,1.55
55-TO1206105,0.0,1.55
55-TO1206107,0.0,1.55
95-10227,659.0,9.36
95-10229,959.0,9.36
95-10230,490.0,9.36
95-10233,66.0,9.36
95-10234,434.0,9.36
95-10241,774.0,9.36
95-10242,0.0,9.36
AP/BC150392,0.0,0.0
AP/BC15130-P,0.0,0.0
AP/BC151530,0.0,0.0
AP/BC155592,0.0,0.0
AP/BC155592-P,0.0,0.0
AP/BC156957,0.0,0.0
AP/BC156957-P,0.0,0.0
AP/BC163083,0.0,0.0
AP/BC163083-P,0.0,0.0
AP/BC217951,0.0,0.0
AP/BC217951-P,0.0,0.0
AP/BC219354,0.0,0.0
AP/BC219354-P,0.0,0.0
AP/BC228595,0.0,0.0
AP/BC228595-P,0.0,0.0
AP/BC244235,0.0,0.0
AP/BC244235-P,0.0,0.0
AP/BC251650,0.0,0.0
AP/BC251650-P,0.0,0.0
AP/BC277000,0.0,0.0
AP/BC277000-P,0.0,0.0
AP/BC281570,0.0,0.0
AP/BC281570-P,0.0,0.0
AP/BC294138,0.0,0.0
AP/BC294138-P,0.0,0.0
AP/BC295927,0.0,0.0
AP/BC295927-P,0.0,0.0
AP/BCGL137800,0.0,0.0
AP/BCP0212425,0.0,10.0
AP/BCPS13041,0.0,15.5
AP/BCPS313041,0.0,0.0
AP/BCST186486,0.0,10.0
CNF/FBM-FCA-0103-A,0.0,0.0
CNF/FBM-FCE-053-A-L,0.0,0.0
CNF/FBM-FCE-053-A-R,0.0,0.0
CNF/FBM-FCE-053-B-L,0.0,0.0
CNF/FBM-FCE-053-B-R,0.0,0.0
CNF/FBM-FCO-0201-B-1,0.0,0.0
CNF/FBM-FCO-0201-B-2,0.0,0.0
CNF/T-ITR-0102-B,0.0,0.0
CNF/UF-MGE-0102,0.0,0.0
CNF/UF-VVN-0001-P,0.0,0.0
CNF/UF-VVN-0002-P,0.0,0.0
CNF/UF-VVN-0050A-L,0.0,0.0
CNF/UF-VVN-0050A-R,0.0,0.0
CNF/UF-VVN-0050B-L,0.0,0.0
CNF/UF-VVN-0050B-R,0.0,0.0
CNF/UF-VVN-0052-A-L,0.0,0.0
CNF/UF-VVN-0052-A-R,0.0,0.0
CNF/UF-VVN-0150-L,0.0,0.0
CNF/UF-VVN-0150-P,0.0,0.0
CNF/UF-VVN-0150-R,0.0,0.0
CNF/UF-VVN-0152,0.0,0.0
CNF/UF-VVN-0152A-1-P,0.0,0.0
CNF/UF-VVN-0152B-1-L,0.0,0.0
CNF/UF-VVN-0152B-1-P,0.0,0.0
CNF/UF-VVN-0152B-1-R,0.0,0.0
CNF/UF-VVN-0154,0.0,0.0
CNF/UF-VVN-0155,0.0,0.0
CNF/UF-VVN-0156-B,0.0,0.0
CNF/UF-VVN-0158-1-L,0.0,0.0
CNF/UF-VVN-0158-1-R,0.0,0.0
CNF/UF-VVN-0158-1B-R,0.0,0.0
CNF/UF-VVN-0158-1C-L,0.0,0.0
CNF/UF-VVN-0158-1C-R,0.0,0.0
CNF/UF-VVN-0158-1D-L,0.0,0.0
CNF/UF-VVN-0158-1D-R,0.0,0.0
CNF/UF-VVN-0158-L,0.0,0.0
CNF/UF-VVN-0158-R,0.0,0.0
CNF/UF-VVN-0162-L,0.0,0.0
CNF/UF-VVN-0162-R,0.0,0.0
CNF/UF-VVN-0163-L,0.0,0.0
CNF/UF-VVN-0163-R,0.0,0.0
CNF/UF-VVN-0166,0.0,0.0
CNF/UF-VVN-0166-Z,0.0,0.0
CNF/UF-VVN-0169-A-2-L,0.0,0.0
CNF/UF-VVN-0169-A-2-R,0.0,0.0
CNF/UF-VVN-0169-A-L,0.0,0.0
CNF/UF-VVN-0169-A-R,0.0,0.0
CNF/UF-VVN-0169-B-L,0.0,0.0
CNF/UF-VVN-0169-B-R,0.0,0.0
CNF/UF-VVN-0169-C-L,0.0,0.0
CNF/UF-VVN-0169-C-R,0.0,0.0
CNF/UF-VVN-0169-D-L,0.0,0.0
CNF/UF-VVN-0170-A-L,0.0,0.0
CNF/UF-VVN-0170-A-R,0.0,0.0
CNF/UF-VVN-0170-B-L,0.0,0.0
CNF/UF-VVN-0170-B-R,0.0,0.0
CNF/UF-VVN-0170-C-L,0.0,0.0
CNF/UF-VVN-0170-C-R,0.0,0.0
CNF/UF-VVN-0170-D-L,0.0,0.0
CNF/UF-VVN-0170-D-R,0.0,0.0
CNF/UF-VVN-0172-1,0.0,0.0
CNF/UF-VVN-0172-2-L,0.0,0.0
CNF/UF-VVN-0172-2-R,0.0,0.0
CNF/UF-VVN-0173-ST-L,0.0,0.0
CNF/UF-VVN-0173-ST-R,0.0,0.0
CNF/UF-VVN-0174-ST-L,0.0,0.0
CNF/UF-VVN-0174-ST-R,0.0,0.0
CNF/UF-VVN-0177,0.0,0.0
CNF/UF-VVN-0177-W,0.0,0.0
CNF/UF-VVN-0181,0.0,0.0
CNF/UF-VVN-0185,0.0,0.0
CNF/UF-VVN-0203-P,0.0,0.0
CNF/UF-VVN-0208-L,0.0,0.0
CNF/UF-VVN-0208-R,0.0,0.0
CNF/UF-VVN-0210-L,0.0,0.0
CNF/UF-VVN-0210-R,0.0,0.0
CNF/UF-VVN-0210-S-L,0.0,0.0
CNF/UF-VVN-0210-S-R,0.0,0.0
CNF/UF-VVN-0218-L,0.0,0.0
CNF/UF-VVN-0218-R,0.0,0.0
CNF/UF-VVN-0222,0.0,0.0
CNF/UF-VVN-0230-1,0.0,0.0
CNF/UF-VVN-0231-L,0.0,0.0
CNF/UF-VVN-0231-R,0.0,0.0
CNF/UF-VVN-0232,0.0,0.0
CNF/UF-VVN-0234-L,0.0,0.0
CNF/UF-VVN-0234-R,0.0,0.0
CNF/UF-VVN-0235-L,0.0,0.0
CNF/UF-VVN-0235-R,0.0,0.0
CNF/UF-VVN-0236-A-L,0.0,0.0
CNF/UF-VVN-0236-A-R,0.0,0.0
CNF/UF-VVN-0236-B-L,0.0,0.0
CNF/UF-VVN-0236-B-R,0.0,0.0
CNF/UF-VVN-0236-C-L,0.0,0.0
CNF/UF-VVN-0236-C-R,0.0,0.0
CNF/UF-VVN-0236-D-L,0.0,0.0
CNF/UF-VVN-0236-D-R,0.0,0.0
CNF/UF-VVN-0238-B,0.0,0.0
CNF/UF-VVN-0238-D,0.0,0.0
CNF/UF-VVN-0239-M,0.0,0.0
CNF/UF-VVN-0239-S,0.0,0.0
CNF/UP-A18-0001,0.0,0.0
CNF/UP-A30-0005,0.0,0.0
CNF/UP-A30-0006,0.0,0.0
CNF/UP-CS0-0202-B,0.0,0.0
CNF/UP-CS0-0202-B-H,0.0,0.0
CNF/UP-CS0-0202-C-H,0.0,0.0
CNF/UP-CSS-0205-B,0.0,0.0
CNF/UP-CSS-0205-C-H,0.0,0.0
CNF/UP-CSS-0206-B,0.0,0.0
CNF/UP-CSS-0206-C,0.0,0.0
CNF/UP-CSS-0206-C-H,0.0,0.0
CNF/UP-CSS-0206-C-W,0.0,0.0
CNF/UP-DRM-0004-C,0.0,0.0
CNF/UP-DRM-0005-C,0.0,0.0
CNF/UP-DRM-0005-C-W,0.0,0.0
CNF/UP-DRM-0006-B,0.0,0.0
CNF/UP-DRM-0007-C-W,0.0,0.0
CNF/UP-F23-0207,0.0,0.0
CNF/UP-F23-0208,0.0,0.0
CNF/UP-FB1-0200-B,0.0,0.0
CNF/UP-FB1-0201-B-W,0.0,0.0
CNF/UP-FB1-0201-C-W,0.0,0.0
CNF/UP-FB1-0202-C-W,0.0,0.0
CNF/UP-FB1-0203-B,0.0,0.0
CNF/UP-FB1-0203-B-W,0.0,0.0
CNF/UP-H2P-0100,0.0,0.0
CNF/UP-H2P-0100-B,0.0,0.0
CNF/UP-H2P-0101,0.0,0.0
CNF/UP-H2P-0102,0.0,0.0
CNF/UP-H2P-0102-B,0.0,0.0
CNF/UP-H2P-0150-A,0.0,0.0
CNF/UP-JLT-0003,0.0,0.0
CNF/UP-MCH-0001-P,0.0,0.0
CNF/UP-P59-0004-A-P,0.0,0.0
CNF/UP-P59-0004-B-P,0.0,0.0
CNF/UP-P59-0004-C-P,0.0,0.0
CNF/UP-P59-0201-B-R,0.0,0.0
CNF/UP-P59-0201-D-L,0.0,0.0
CNF/UP-P59-0201-D-R,0.0,0.0
CNF/UP-P59-0204-L,0.0,0.0
CNF/UP-P59-0204-R,0.0,0.0
CNF/UP-YLM-0001-AC,0.0,0.0
CNF/UT-CLM-0001,0.0,0.0
CNF/UT-CLM-0002,0.0,0.0
CNF/UT-CY3-0001,0.0,0.0
CNF/UT-F318-203AC-A,0.0,0.0
CNF/UT-F318-203AC-B,0.0,0.0
CNF/UT-F318-203BD-A,0.0,0.0
CNF/UT-F318-203BD-B,0.0,0.0
CNF/UT-F318-209AC-A,0.0,0.0
CNF/UT-F318-209AC-B,0.0,0.0
CNF/UT-F318-209BD-A,0.0,0.0
CNF/UT-F318-209BD-B,0.0,0.0
CNF/UT-FC0-0319-L,0.0,0.0
CNF/UT-FC0-0319-R,0.0,0.0
CNF/UT-FC0-060-B-R,0.0,0.0
CNF/UT-FCA-0001-A-P,0.0,0.0
CNF/UT-FCA-0001-P,0.0,0.0
CNF/UT-FCA-0103,0.0,0.0
CNF/UT-FCA-0103-1,0.0,0.0
CNF/UT-FCA-0103-A,0.0,0.0
CNF/UT-FCA-0104,0.0,0.0
CNF/UT-FCA-0104-A,0.0,0.0
CNF/UT-FCA-0203-2A-L,0.0,0.0
CNF/UT-FCA-0203-2A-R,0.0,0.0
CNF/UT-FCA-0203-2B-L,0.0,0.0
CNF/UT-FCA-0203-2B-R,0.0,0.0
CNF/UT-FCA-0203-A,0.0,0.0
CNF/UT-FCA-0203-B,0.0,0.0
CNF/UT-FCA-0203-C,0.0,0.0
CNF/UT-FCA-0203-D,0.0,0.0
CNF/UT-FCA-0204,0.0,0.0
CNF/UT-FCA-0204-1,0.0,0.0
CNF/UT-FCA-0204-2,0.0,0.0
CNF/UT-FCA-0204-A-1-R,0.0,0.0
CNF/UT-FCA-0204-A-L,0.0,0.0
CNF/UT-FCA-0204-A-R,0.0,0.0
CNF/UT-FCA-0204-B-2,0.0,0.0
CNF/UT-FCA-0204-C-1-R,0.0,0.0
CNF/UT-FCA-0204-C-R,0.0,0.0
CNF/UT-FCA-0205-L,0.0,0.0
CNF/UT-FCA-0205-R,0.0,0.0
CNF/UT-FCA-0310-CZ-L,0.0,0.0
CNF/UT-FCA-0310-CZ-R,0.0,0.0
CNF/UT-FCA-0310-L,0.0,0.0
CNF/UT-FCA-0310-R,0.0,0.0
CNF/UT-FCA-0310-TZ-L,0.0,0.0
CNF/UT-FCA-0310-TZ-R,0.0,0.0
CNF/UT-FCA-0314-B-L,0.0,0.0
CNF/UT-FCA-0314-B-R,0.0,0.0
CNF/UT-FCA-0314-S-L,0.0,0.0
CNF/UT-FCA-0315-S-L,0.0,0.0
CNF/UT-FCA-0315-S-R,0.0,0.0
CNF/UT-FCA-0337-ST-L,0.0,0.0
CNF/UT-FCA-0337-ST-R,0.0,0.0
CNF/UT-FCA-0412-P,0.0,0.0
CNF/UT-FCA-0451-L,0.0,0.0
CNF/UT-FCA-0451-R,0.0,0.0
CNF/UT-FCA-0452-L,0.0,0.0
CNF/UT-FCA-0452-R,0.0,0.0
CNF/UT-FCA-0453-L,0.0,0.0
CNF/UT-FCA-0453-R,0.0,0.0
CNF/UT-FCE-0022-P,0.0,0.0
CNF/UT-FCE-0206-A-3-R,0.0,0.0
CNF/UT-FCE-0206-C-2-L,0.0,0.0
CNF/UT-FCE-0352-L,0.0,0.0
CNF/UT-FCE-0352-R,0.0,0.0
CNF/UT-FCE-0353-L,0.0,0.0
CNF/UT-FCE-0353-R,0.0,0.0
CNF/UT-FCE-053-A-R,0.0,0.0
CNF/UT-FCO-0201-B-1,0.0,0.0
CNF/UT-FL7-0202-CE,0.0,0.0
CNF/UT-FM2-0200A,0.0,0.0
CNF/UT-FM2-0200A-1,0.0,0.0
CNF/UT-FM2-0200A-2,0.0,0.0
CNF/UT-ICT-0005-A-P,0.0,0.0
CNF/UT-IDR-0200-L,0.0,0.0
CNF/UT-IDR-0200-R,0.0,0.0
CNF/UT-IDU-0100-B,0.0,0.0
CNF/UT-IDU-0100-C,0.0,0.0
CNF/UT-IDU-0100-P,0.0,0.0
CNF/UT-IDU-0100-W0,0.0,0.0
CNF/UT-ILR-0213,0.0,0.0
CNF/UT-ILT-0011-C,0.0,0.0
CNF/UT-ILT-0011-D,0.0,0.0
CNF/UT-ILT-0105-A-P,0.0,0.0
CNF/UT-ILT-0214-A,0.0,0.0
CNF/UT-ILT-0214-B,0.0,0.0
CNF/UT-ILT-0216-Z-L,0.0,0.0
CNF/UT-ILT-0216-Z-R,0.0,0.0
CNF/UT-ILT-0255-L,0.0,0.0
CNF/UT-ILT-0255-R,0.0,0.0
CNF/UT-IPR-0003-A-P,0.0,0.0
CNF/UT-IPR-0101-P,0.0,0.0
CNF/UT-IPR-0108-D,0.0,0.0
CNF/UT-IPR-0200-1-P,0.0,0.0
CNF/UT-ITR-0001-1B-P,0.0,0.0
CNF/UT-ITR-0001-P,0.0,0.0
CNF/UT-IWO-0104-1,0.0,0.0
CNF/UT-IWO-0104-P,0.0,0.0
CNF/UT-IWR-0006-4-P,0.0,0.0
CNF/UT-IWR-0006-A-P,0.0,0.0
CNF/UT-IWR-0006-B-P,0.0,0.0
CNF/UT-IWR-0203,0.0,0.0
CNF/UT-IWR-0205-L,0.0,0.0
CNF/UT-IWR-0205-P,0.0,0.0
CNF/UT-IWR-0205-R,0.0,0.0
CNF/UT-K37-0209-A,0.0,0.0
CNF/UT-K37-0209-B,0.0,0.0
CNF/UT-K40-0220-A,0.0,0.0
CNF/UT-K40-0220-AW,0.0,0.0
CNF/UT-K60-0003-A-P,0.0,0.0
CNF/UT-K60-0200-B-L,0.0,0.0
CNF/UT-K60-0200-B-P,0.0,0.0
CNF/UT-K60-0200-B-R,0.0,0.0
CNF/UT-K60-0200-C-L,0.0,0.0
CNF/UT-K60-0200-C-P,0.0,0.0
CNF/UT-K60-0200-C-R,0.0,0.0
CNF/UT-K80-0002-P,0.0,0.0
CNF/UT-K80-0002C,0.0,0.0
CNF/UT-K80-0002D,0.0,0.0
CNF/UT-K80-0102,0.0,0.0
CNF/UT-K80-0102-1,0.0,0.0
CNF/UT-K80-0103,0.0,0.0
CNF/UT-K80-0201-1A-L,0.0,0.0
CNF/UT-K80-0201-1A-R,0.0,0.0
CNF/UT-K80-0201-1B-L,0.0,0.0
CNF/UT-K80-0201-1B-R,0.0,0.0
CNF/UT-K80-0201-1C-L,0.0,0.0
CNF/UT-K80-0201-1C-R,0.0,0.0
CNF/UT-K80-0201-1D-L,0.0,0.0
CNF/UT-K80-0201-1D-R,0.0,0.0
CNF/UT-K80-0201-2,0.0,0.0
CNF/UT-K80-0201-CC,0.0,0.0
CNF/UT-K80-0201-DC,0.0,0.0
CNF/UT-K80-0201-FC,0.0,0.0
CNF/UT-K80-0202-1F-L,0.0,0.0
CNF/UT-K80-0202-1F-R,0.0,0.0
CNF/UT-K80-0202-2-L,0.0,0.0
CNF/UT-K80-0202-2-R,0.0,0.0
CNF/UT-K80-0207-L,0.0,0.0
CNF/UT-K80-0207-P,0.0,0.0
CNF/UT-K80-0207-R,0.0,0.0
CNF/UT-K80-0210-T-L,0.0,0.0
CNF/UT-K80-0210-T-R,0.0,0.0
CNF/UT-K80-0211-1-L,0.0,0.0
CNF/UT-K80-0211-1-R,0.0,0.0
CNF/UT-K80-0211-2-L,0.0,0.0
CNF/UT-K80-0211-2-R,0.0,0.0
CNF/UT-K80-0211-3-L,0.0,0.0
CNF/UT-K80-0211-3-R,0.0,0.0
CNF/UT-K80-0214-B-P,0.0,0.0
CNF/UT-K80-0214-C-P,0.0,0.0
CNF/UT-K80-0214-D-P,0.0,0.0
CNF/UT-K80-0214-E-P,0.0,0.0
CNF/UT-K80-0214-P,0.0,0.0
CNF/UT-KT8-0012A-P,0.0,0.0
CNF/UT-KT8-0012D-P,0.0,0.0
CNF/UT-MAM-0501-A-T,0.0,0.0
CNF/UT-MAM-0501-B-T,0.0,0.0
CNF/UT-MCH-0502-B,0.0,0.0
CNF/UT-MCV-0500,0.0,0.0
CNF/UT-NNC-0200-S,0.0,0.0
CNF/UT-P37-0007-D-P,0.0,0.0
CNF/UT-P37-0221,0.0,0.0
CNF/UT-P37-0222,0.0,0.0
CNF/UT-P37-0224,0.0,0.0
CNF/UT-P37-0225,0.0,0.0
CNF/UT-P59-0100-A,0.0,0.0
CNF/UT-P59-0100-B,0.0,0.0
CNF/UT-P59-0200-B,0.0,0.0
CNF/UT-P59-0207,0.0,0.0
CNF/UT-P59-0207-P,0.0,0.0
CNF/UT-P59-0208,0.0,0.0
CNF/UT-P59-0208-P,0.0,0.0
CNF/UT-P59-0209,0.0,0.0
CNF/UT-P59-0209-B,0.0,0.0
CNF/UT-P59-0209-C,0.0,0.0
CNF/UT-P59-0209-D,0.0,0.0
CNF/UT-P59-0212-A,0.0,0.0
CNF/UT-P59-0212-B,0.0,0.0
CNF/UT-P59-0212-BC,0.0,0.0
CNF/UT-P59-0216,0.0,0.0
CNF/UT-SLP-0091,0.0,0.0
CNF/UT-SLP-0092,0.0,0.0
CNF/UT-SLP-Lamppost,0.0,0.0
CNF/UT-TAS-0001,0.0,0.0
CNF/UT-TAS-0002,0.0,0.0
CNF/UT-VAT-0001,0.0,0.0
CNF/UT-VAT-0002,0.0,0.0
CNF/UY-LS4-0001,0.0,0.0
HANS-KISSLE BC PRODUCE BAGS,0.0,0.0
False,0.0,0.0
